location,area_sqft,bedrooms,bathrooms,parking_spaces,house_age,floors,has_garden,has_pool,renovation_year,price
Uptown,1487.0,4.0,2.0,1,30.0,1,1,0,2002.0,328700.0
Midtown,2046.0,1.0,1.0,0,16.0,3,1,0,2022.0,363100.0
Rural,1149.0,5.0,1.0,1,46.0,2,0,0,2014.0,149000.0
Midtown,1468.0,6.0,5.0,1,8.0,1,1,0,,412000.0
Midtown,3137.0,6.0,2.0,1,9.0,1,0,0,,507600.0
Suburb,1600.0,5.0,5.0,2,7.0,2,0,0,,352200.0
Rural,940.0,5.0,1.0,1,20.0,3,1,0,2017.0,174900.0
Rural,1269.0,3.0,1.0,3,12.0,3,0,0,,167100.0
Rural,1843.0,5.0,3.0,0,49.0,2,1,0,2017.0,259800.0
Midtown,4858.0,4.0,3.0,2,4.0,3,0,0,,807700.0
Uptown,4229.0,6.0,5.0,0,5.0,3,1,0,2018.0,876900.0
Rural,4406.0,2.0,2.0,2,29.0,1,1,0,,489900.0
Midtown,2077.0,6.0,1.0,3,30.0,1,1,0,,452200.0
Suburb,4508.0,1.0,1.0,2,16.0,1,0,0,2012.0,489900.0
Uptown,3851.0,6.0,2.0,2,10.0,2,0,0,2006.0,831800.0
Suburb,2849.0,3.0,3.0,2,19.0,3,1,0,,417300.0
Uptown,4102.0,5.0,3.0,0,47.0,3,0,1,2011.0,831500.0
Midtown,1741.0,5.0,2.0,1,8.0,1,1,0,,445900.0
Downtown,1625.0,6.0,2.0,0,1.0,1,1,1,,503900.0
Uptown,3101.0,2.0,2.0,1,36.0,2,0,0,,497800.0
Suburb,1690.0,2.0,2.0,0,0.0,3,1,1,,317400.0
Midtown,4631.0,3.0,3.0,3,3.0,2,1,0,,814700.0
Uptown,4948.0,1.0,1.0,3,35.0,3,0,0,,817700.0
Downtown,572.0,6.0,2.0,2,24.0,2,0,1,2017.0,331700.0
Downtown,2414.0,5.0,2.0,3,2.0,1,1,0,,558200.0
Rural,2972.0,6.0,6.0,2,8.0,2,0,0,2013.0,372700.0
Rural,3546.0,3.0,2.0,1,21.0,2,1,0,,346100.0
Suburb,1207.0,4.0,2.0,3,22.0,1,0,1,,268800.0
Uptown,2304.0,4.0,1.0,1,11.0,3,1,0,,447500.0
Uptown,4213.0,3.0,2.0,0,9.0,3,0,0,2005.0,703400.0
Rural,3064.0,,1.0,1,33.0,1,1,0,2022.0,290400.0
Uptown,2975.0,3.0,2.0,0,42.0,2,1,0,2012.0,544500.0
Uptown,4110.0,5.0,3.0,1,9.0,2,0,0,,876100.0
Downtown,4755.0,,1.0,1,29.0,2,0,0,2020.0,857600.0
Rural,3323.0,,1.0,3,21.0,3,1,1,2008.0,447400.0
Midtown,2235.0,5.0,2.0,1,5.0,2,1,0,,477400.0
Rural,2085.0,3.0,2.0,3,49.0,3,0,0,,219300.0
Midtown,566.0,3.0,1.0,3,1.0,2,1,0,,206600.0
Downtown,3561.0,5.0,3.0,2,29.0,1,0,0,2015.0,775100.0
Suburb,2928.0,5.0,4.0,2,1.0,1,0,0,,446200.0
Uptown,4653.0,1.0,1.0,0,31.0,3,1,0,2023.0,693400.0
Downtown,841.0,,2.0,1,41.0,3,1,0,2015.0,241200.0
Uptown,3274.0,4.0,3.0,0,15.0,1,0,0,2013.0,614300.0
Suburb,3317.0,3.0,3.0,1,,1,1,0,,457500.0
Suburb,3161.0,3.0,2.0,2,0.0,2,0,0,2013.0,545900.0
Downtown,1732.0,5.0,4.0,2,7.0,1,1,0,,574100.0
Suburb,4374.0,3.0,,1,47.0,3,1,0,,568800.0
Midtown,2901.0,6.0,6.0,1,49.0,1,1,0,2011.0,554800.0
Suburb,1994.0,3.0,1.0,2,12.0,3,1,0,,400400.0
Uptown,4711.0,6.0,6.0,2,14.0,3,0,1,,972800.0
Uptown,1161.0,4.0,1.0,0,43.0,2,1,0,,240300.0
Uptown,4383.0,5.0,,2,7.0,2,1,0,,906400.0
Uptown,4119.0,3.0,3.0,1,9.0,2,0,0,,779600.0
Midtown,2368.0,6.0,3.0,0,45.0,2,1,1,,446200.0
Rural,2834.0,6.0,6.0,1,4.0,1,0,0,2021.0,394300.0
Downtown,3874.0,6.0,1.0,3,,2,1,1,,901000.0
Uptown,1516.0,2.0,1.0,0,18.0,1,0,0,2009.0,279700.0
Suburb,4906.0,1.0,1.0,1,46.0,2,0,1,,590100.0
Uptown,707.0,4.0,4.0,2,37.0,2,0,0,,301600.0
Suburb,3165.0,3.0,3.0,3,10.0,3,1,0,2023.0,504600.0
Suburb,2993.0,2.0,2.0,1,42.0,1,1,0,,391700.0
Uptown,1132.0,3.0,2.0,0,19.0,3,0,1,2007.0,264300.0
Midtown,,3.0,1.0,1,19.0,2,0,0,2016.0,476300.0
Suburb,3459.0,5.0,3.0,3,20.0,1,0,0,,501300.0
Suburb,3583.0,5.0,4.0,0,17.0,2,1,0,2000.0,506200.0
Uptown,2431.0,5.0,5.0,3,49.0,3,1,0,,581100.0
Suburb,4219.0,2.0,1.0,1,9.0,1,0,0,2006.0,531500.0
Suburb,3062.0,3.0,1.0,2,33.0,3,0,0,2014.0,418000.0
Uptown,,1.0,1.0,2,25.0,2,1,0,2017.0,396900.0
Uptown,736.0,4.0,2.0,1,29.0,2,0,1,,278800.0
Downtown,4943.0,5.0,2.0,1,8.0,2,0,0,,992500.0
Midtown,2040.0,5.0,,1,45.0,1,0,0,,331900.0
Midtown,4443.0,3.0,3.0,0,50.0,3,1,0,,691200.0
Suburb,863.0,3.0,2.0,3,30.0,3,1,1,,242000.0
Midtown,2868.0,2.0,2.0,3,41.0,2,1,0,2007.0,452300.0
Suburb,785.0,2.0,2.0,3,3.0,3,0,0,,198500.0
Downtown,648.0,5.0,2.0,1,5.0,1,1,1,2007.0,350700.0
Uptown,4537.0,3.0,1.0,3,13.0,2,0,0,2022.0,804800.0
Uptown,2266.0,1.0,1.0,1,3.0,2,1,0,2011.0,421700.0
Uptown,1512.0,4.0,2.0,0,25.0,2,1,0,,332500.0
Midtown,3331.0,3.0,2.0,2,46.0,1,1,1,,525900.0
Downtown,3007.0,3.0,3.0,1,47.0,2,0,0,2012.0,582800.0
Midtown,2023.0,6.0,1.0,1,38.0,2,0,0,2015.0,341100.0
Midtown,3285.0,2.0,1.0,2,16.0,2,1,0,2022.0,546100.0
Downtown,3056.0,4.0,2.0,2,18.0,2,1,0,2017.0,705500.0
Downtown,4225.0,5.0,3.0,0,50.0,3,0,1,,964200.0
Downtown,2101.0,3.0,3.0,3,48.0,2,1,0,2016.0,492400.0
Downtown,2908.0,,3.0,1,5.0,1,1,0,,737800.0
Uptown,840.0,3.0,1.0,3,28.0,2,1,1,2022.0,334400.0
Rural,3317.0,5.0,4.0,1,10.0,2,1,0,2004.0,399200.0
Rural,2996.0,4.0,2.0,0,15.0,3,0,0,2019.0,319500.0
Downtown,2225.0,2.0,1.0,2,29.0,2,0,1,2020.0,536400.0
Rural,2189.0,4.0,2.0,0,24.0,3,0,0,2009.0,230600.0
Rural,,6.0,5.0,2,39.0,1,1,0,,490900.0
Downtown,4906.0,1.0,1.0,3,10.0,3,0,0,,910200.0
Rural,761.0,2.0,1.0,3,6.0,2,1,0,2009.0,131500.0
Midtown,1942.0,4.0,4.0,0,25.0,1,0,1,,454800.0
Suburb,905.0,6.0,5.0,2,21.0,2,0,0,,267300.0
Suburb,2690.0,1.0,1.0,0,24.0,3,1,0,,388600.0
Downtown,4937.0,6.0,5.0,2,18.0,1,0,0,2018.0,1101100.0
Uptown,743.0,3.0,2.0,2,30.0,1,0,0,,195100.0
Downtown,4607.0,3.0,1.0,3,25.0,3,1,1,2005.0,933200.0
Uptown,1060.0,5.0,1.0,3,41.0,3,0,0,2012.0,265200.0
Suburb,4637.0,2.0,1.0,2,40.0,1,0,1,2008.0,539200.0
Downtown,3225.0,3.0,1.0,2,35.0,1,0,0,,659100.0
Midtown,1093.0,6.0,3.0,2,22.0,3,1,0,2017.0,359200.0
Rural,2326.0,2.0,1.0,3,46.0,2,1,0,2007.0,243400.0
Uptown,3729.0,3.0,1.0,3,12.0,1,1,1,2017.0,747700.0
Rural,3787.0,5.0,4.0,1,24.0,3,0,0,2022.0,413900.0
Rural,4573.0,4.0,3.0,2,1.0,2,0,0,2021.0,506900.0
Downtown,633.0,5.0,5.0,1,1.0,1,1,0,,461500.0
Rural,3638.0,1.0,1.0,2,15.0,1,1,0,2007.0,320700.0
Midtown,4419.0,3.0,2.0,3,8.0,3,0,0,,747300.0
Rural,572.0,,1.0,1,27.0,2,0,1,,102800.0
Downtown,4994.0,1.0,1.0,1,12.0,1,1,0,2023.0,862800.0
Midtown,4725.0,6.0,2.0,0,34.0,2,1,0,,816200.0
Suburb,3478.0,2.0,2.0,2,40.0,2,0,0,,447800.0
Rural,4861.0,6.0,4.0,3,12.0,1,0,0,2018.0,482800.0
Downtown,2485.0,3.0,1.0,0,30.0,2,0,0,2002.0,515500.0
Suburb,,1.0,1.0,0,20.0,1,0,0,,145800.0
Suburb,4759.0,4.0,4.0,2,31.0,2,1,0,2012.0,671800.0
Uptown,594.0,1.0,1.0,0,33.0,1,1,0,,124100.0
Midtown,1633.0,4.0,2.0,2,7.0,3,1,0,,429800.0
Rural,737.0,6.0,3.0,0,40.0,1,0,0,,115700.0
Downtown,3446.0,6.0,1.0,2,47.0,1,0,0,,766600.0
Uptown,3030.0,2.0,1.0,3,1.0,1,0,0,,620900.0
Midtown,2460.0,1.0,1.0,2,37.0,2,0,0,,370500.0
Uptown,1548.0,5.0,3.0,2,31.0,3,1,0,2014.0,444100.0
Midtown,3029.0,6.0,4.0,1,39.0,2,0,0,2012.0,534000.0
Midtown,3464.0,6.0,5.0,3,27.0,2,0,0,2020.0,612000.0
Rural,1463.0,2.0,,3,36.0,1,0,0,2012.0,125200.0
Midtown,1036.0,4.0,4.0,3,40.0,2,1,0,,316200.0
Uptown,4723.0,2.0,1.0,0,0.0,1,1,0,2014.0,883200.0
Midtown,4179.0,1.0,1.0,1,40.0,3,1,1,2021.0,633100.0
Rural,4687.0,3.0,2.0,3,9.0,2,0,0,,457100.0
Rural,,3.0,2.0,0,3.0,2,1,0,,445100.0
Uptown,1042.0,4.0,1.0,0,34.0,2,0,1,2013.0,253800.0
Suburb,1345.0,6.0,4.0,0,9.0,1,0,0,2009.0,295600.0
Suburb,4103.0,4.0,2.0,1,46.0,1,1,0,2016.0,481300.0
Midtown,3536.0,6.0,6.0,0,10.0,2,0,0,,737700.0
Downtown,2994.0,,3.0,1,13.0,2,1,0,,835500.0
Midtown,4985.0,3.0,2.0,2,37.0,3,0,0,2011.0,771200.0
Uptown,3219.0,4.0,2.0,0,11.0,3,1,0,2016.0,651800.0
Uptown,2384.0,2.0,2.0,3,44.0,3,1,0,,497900.0
Uptown,4638.0,6.0,5.0,0,16.0,3,1,0,,973400.0
Uptown,4849.0,5.0,1.0,2,15.0,3,1,0,2008.0,976200.0
Uptown,3701.0,5.0,5.0,2,34.0,1,1,0,2021.0,734500.0
Rural,3210.0,2.0,2.0,0,1.0,3,0,0,,324900.0
Suburb,,,1.0,2,10.0,3,1,0,,369100.0
Uptown,4350.0,1.0,1.0,1,40.0,2,1,0,2022.0,661900.0
Downtown,1189.0,6.0,4.0,1,2.0,1,0,0,2014.0,494800.0
Downtown,2450.0,2.0,1.0,0,28.0,3,1,0,,464900.0
Downtown,956.0,4.0,2.0,1,17.0,3,1,0,,288000.0
Downtown,2630.0,6.0,5.0,1,19.0,3,1,1,2010.0,785200.0
Rural,4476.0,2.0,2.0,3,46.0,2,0,1,,394600.0
Downtown,4744.0,3.0,2.0,0,13.0,2,1,0,2005.0,913300.0
Uptown,1679.0,4.0,3.0,2,33.0,2,0,0,2007.0,449900.0
Midtown,4785.0,3.0,,0,48.0,3,0,0,,630600.0
Downtown,4065.0,6.0,6.0,1,30.0,2,1,0,2014.0,1038200.0
Rural,1382.0,4.0,1.0,3,39.0,3,0,1,2003.0,195700.0
Rural,899.0,5.0,1.0,0,41.0,1,1,0,2017.0,127100.0
Downtown,1108.0,2.0,1.0,0,17.0,3,0,1,,305500.0
Midtown,2138.0,6.0,2.0,1,29.0,2,0,0,2008.0,446100.0
Downtown,2648.0,1.0,1.0,1,24.0,1,0,0,,484700.0
Rural,,4.0,1.0,0,18.0,3,1,0,2007.0,242200.0
Suburb,1903.0,4.0,3.0,1,7.0,1,1,0,2002.0,345500.0
Uptown,1319.0,6.0,4.0,1,27.0,1,0,0,,420600.0
Rural,3792.0,6.0,3.0,1,7.0,1,0,0,2017.0,448000.0
Downtown,1319.0,3.0,2.0,1,30.0,3,0,0,2013.0,340600.0
Uptown,919.0,5.0,1.0,1,2.0,2,1,0,,335800.0
Downtown,4719.0,3.0,3.0,3,2.0,3,0,0,,868800.0
Downtown,3802.0,3.0,1.0,1,43.0,2,1,0,2003.0,724400.0
Suburb,2008.0,5.0,3.0,2,21.0,3,1,1,,407800.0
Uptown,1267.0,1.0,1.0,0,16.0,3,1,0,,298000.0
Uptown,2544.0,3.0,1.0,3,35.0,3,1,0,2014.0,468200.0
Suburb,2639.0,3.0,1.0,3,16.0,2,1,1,2018.0,426800.0
Rural,3529.0,4.0,1.0,1,13.0,3,0,0,2021.0,421600.0
Downtown,2049.0,5.0,2.0,0,50.0,1,1,0,,448300.0
Midtown,2264.0,2.0,1.0,2,8.0,3,1,1,,413500.0
Downtown,3145.0,1.0,1.0,1,29.0,1,0,0,,635900.0
Downtown,4216.0,1.0,1.0,0,20.0,2,1,0,2011.0,733700.0
Rural,4981.0,5.0,2.0,1,11.0,2,0,0,2015.0,464800.0
Downtown,2793.0,6.0,1.0,1,36.0,3,0,0,,552700.0
Suburb,3208.0,6.0,6.0,1,31.0,3,0,0,,558500.0
Suburb,1400.0,4.0,3.0,1,,3,1,1,2004.0,373500.0
Uptown,3584.0,4.0,4.0,1,19.0,1,1,0,2010.0,833600.0
Midtown,2509.0,5.0,5.0,1,34.0,2,1,0,,526500.0
Downtown,741.0,4.0,2.0,1,46.0,1,0,0,2021.0,177800.0
Downtown,2885.0,1.0,1.0,2,45.0,1,1,0,,487300.0
Rural,4768.0,1.0,1.0,3,10.0,3,0,1,2003.0,481600.0
Suburb,1171.0,2.0,1.0,2,7.0,3,1,0,2004.0,225500.0
Midtown,663.0,6.0,3.0,1,3.0,1,0,1,2006.0,344000.0
Uptown,964.0,5.0,,1,,1,0,0,,301600.0
Suburb,3542.0,3.0,2.0,2,43.0,3,0,0,,402900.0
Uptown,2942.0,6.0,1.0,2,39.0,3,1,1,2021.0,628500.0
Rural,2855.0,3.0,1.0,3,37.0,1,1,1,,325100.0
Rural,4778.0,2.0,1.0,2,46.0,3,1,1,2013.0,449300.0
Downtown,3057.0,2.0,1.0,3,29.0,3,1,0,2007.0,606700.0
Midtown,1045.0,4.0,3.0,1,43.0,1,1,0,2013.0,269400.0
Uptown,4335.0,2.0,1.0,0,47.0,1,1,0,2013.0,693600.0
Suburb,1093.0,2.0,2.0,0,47.0,2,1,1,2019.0,178800.0
Rural,4304.0,3.0,3.0,0,26.0,1,0,0,2022.0,397800.0
Downtown,1959.0,4.0,2.0,0,20.0,3,0,0,,488500.0
Downtown,3993.0,2.0,1.0,1,19.0,1,1,0,,684300.0
Uptown,3101.0,6.0,1.0,0,3.0,1,1,0,,667000.0
Rural,2944.0,2.0,1.0,2,10.0,1,0,1,,309200.0
Midtown,3172.0,4.0,1.0,2,12.0,2,1,0,2021.0,570100.0
Rural,4700.0,5.0,4.0,0,8.0,2,1,0,2001.0,531400.0
Uptown,516.0,4.0,4.0,2,,3,0,0,2015.0,277100.0
Uptown,3691.0,3.0,2.0,3,11.0,2,1,0,2007.0,688600.0
Rural,892.0,5.0,2.0,1,8.0,1,1,0,2005.0,197600.0
Uptown,924.0,6.0,2.0,0,12.0,2,1,0,2022.0,398400.0
Rural,1071.0,1.0,1.0,0,47.0,1,0,0,,62000.0
Suburb,4131.0,4.0,2.0,1,25.0,2,1,0,2000.0,596000.0
Rural,1620.0,3.0,2.0,2,37.0,2,1,0,,204100.0
Rural,741.0,6.0,,1,41.0,2,1,0,2014.0,204500.0
Uptown,4397.0,5.0,5.0,1,12.0,1,1,0,,868900.0
Uptown,4595.0,6.0,6.0,2,38.0,2,0,0,2009.0,992000.0
Downtown,2779.0,4.0,4.0,1,27.0,1,1,0,2000.0,650200.0
Downtown,1288.0,2.0,1.0,2,18.0,1,0,0,2011.0,314200.0
Suburb,1214.0,4.0,1.0,2,23.0,3,1,1,2010.0,322200.0
Downtown,3349.0,1.0,1.0,1,18.0,2,1,0,2016.0,659100.0
Rural,1275.0,4.0,2.0,3,48.0,3,1,0,,165400.0
Uptown,4526.0,5.0,3.0,2,12.0,3,1,1,,1072900.0
Downtown,2747.0,5.0,2.0,1,12.0,1,1,0,2006.0,687200.0
Downtown,578.0,4.0,3.0,2,27.0,2,0,1,,324300.0
Suburb,4426.0,5.0,4.0,3,1.0,1,1,0,,754000.0
Suburb,1355.0,2.0,2.0,3,9.0,1,0,1,,239800.0
Rural,2648.0,6.0,1.0,0,21.0,2,1,1,,317600.0
Uptown,1531.0,4.0,4.0,2,12.0,1,0,0,,434400.0
Suburb,3771.0,2.0,1.0,2,8.0,2,1,0,,467000.0
Downtown,4076.0,6.0,6.0,1,32.0,2,1,0,,960800.0
Uptown,4682.0,6.0,3.0,2,13.0,1,1,0,,1023900.0
Uptown,3956.0,2.0,2.0,0,47.0,1,0,0,2021.0,626200.0
Downtown,4006.0,3.0,1.0,3,19.0,3,1,0,2013.0,756000.0
Suburb,907.0,4.0,4.0,3,14.0,1,1,0,,266600.0
Downtown,3211.0,6.0,6.0,0,-5.0,2,1,0,2003.0,913800.0
Uptown,3588.0,6.0,3.0,2,32.0,3,1,1,,815500.0
Midtown,2168.0,5.0,2.0,2,16.0,2,1,0,2022.0,485000.0
Midtown,647.0,6.0,2.0,0,23.0,3,1,0,2013.0,240600.0
Rural,4827.0,2.0,2.0,1,29.0,1,0,0,2005.0,445700.0
Downtown,4397.0,6.0,4.0,3,12.0,1,1,0,2022.0,903700.0
Downtown,2450.0,3.0,2.0,0,46.0,1,1,0,,507300.0
Rural,865.0,4.0,3.0,0,47.0,2,1,1,,171600.0
Rural,2174.0,4.0,1.0,2,15.0,3,0,0,2004.0,228700.0
Rural,4994.0,6.0,1.0,3,1.0,2,1,0,,609900.0
Uptown,3046.0,1.0,1.0,2,16.0,3,1,1,,637200.0
Downtown,1062.0,1.0,1.0,0,,1,0,1,,219400.0
Uptown,4062.0,2.0,1.0,1,42.0,2,1,0,,693900.0
Rural,2989.0,1.0,1.0,3,7.0,1,0,0,2023.0,269000.0
Downtown,1272.0,,2.0,0,2.0,2,0,0,2000.0,312800.0
Uptown,2537.0,5.0,2.0,0,11.0,1,1,0,,504500.0
Uptown,3923.0,2.0,1.0,1,19.0,2,1,1,,672600.0
Rural,3067.0,1.0,1.0,0,15.0,2,0,0,2018.0,290200.0
Downtown,2073.0,6.0,3.0,0,13.0,3,1,0,2008.0,612600.0
Rural,4194.0,5.0,2.0,3,-5.0,1,1,1,2013.0,515500.0
Downtown,3791.0,1.0,1.0,3,48.0,3,1,0,2017.0,538800.0
Midtown,1746.0,2.0,1.0,3,42.0,3,1,1,2009.0,336200.0
Suburb,4219.0,3.0,1.0,2,48.0,1,1,0,2008.0,480300.0
Suburb,4339.0,4.0,4.0,1,50.0,2,1,0,2005.0,577200.0
Suburb,859.0,1.0,1.0,3,32.0,3,0,0,,129900.0
Rural,2876.0,2.0,1.0,2,29.0,1,1,0,2004.0,287000.0
Midtown,3509.0,5.0,5.0,2,11.0,2,1,0,,709600.0
Downtown,3493.0,1.0,1.0,1,14.0,3,1,0,2012.0,669100.0
Uptown,1462.0,1.0,1.0,1,17.0,3,0,0,,269800.0
Downtown,4132.0,4.0,2.0,0,27.0,3,1,1,2022.0,906600.0
Uptown,2327.0,2.0,1.0,2,22.0,2,0,0,,432100.0
Downtown,,3.0,1.0,3,13.0,3,1,0,2000.0,532900.0
Midtown,2140.0,5.0,1.0,1,29.0,2,0,0,,346700.0
Uptown,2716.0,2.0,1.0,2,32.0,3,1,1,,511900.0
Rural,4812.0,5.0,5.0,3,44.0,1,1,0,,543100.0
Downtown,877.0,1.0,1.0,2,14.0,3,1,0,,282500.0
Downtown,4714.0,4.0,1.0,1,6.0,1,0,0,,995100.0
Uptown,,4.0,2.0,0,14.0,1,0,0,,796400.0
Rural,869.0,6.0,1.0,2,41.0,1,0,0,2022.0,106300.0
Rural,2696.0,3.0,2.0,3,,2,0,0,,277700.0
Midtown,4247.0,4.0,4.0,1,37.0,1,1,0,,660700.0
Rural,1151.0,1.0,1.0,0,45.0,3,0,1,2002.0,121900.0
Rural,1269.0,3.0,1.0,3,43.0,2,1,1,2013.0,185400.0
Rural,2921.0,2.0,2.0,3,10.0,1,0,0,,321300.0
Suburb,1280.0,4.0,1.0,3,28.0,2,1,0,,251300.0
Midtown,2216.0,3.0,1.0,2,30.0,2,1,0,2008.0,417300.0
Downtown,4483.0,1.0,1.0,1,24.0,2,0,0,,874400.0
Uptown,1811.0,6.0,5.0,3,23.0,3,1,1,,619900.0
Downtown,3859.0,5.0,2.0,2,18.0,1,0,0,2015.0,698800.0
Midtown,1022.0,5.0,2.0,1,1.0,2,0,0,,276400.0
Uptown,1021.0,1.0,1.0,1,,2,1,1,2011.0,304600.0
Midtown,2820.0,1.0,1.0,2,19.0,2,1,0,,451800.0
Rural,1435.0,5.0,3.0,2,32.0,1,1,0,2001.0,255000.0
Uptown,2730.0,6.0,5.0,3,7.0,2,1,0,2015.0,698300.0
Rural,4540.0,3.0,1.0,1,24.0,2,1,0,,519900.0
Downtown,4197.0,5.0,2.0,0,45.0,3,1,0,2018.0,848500.0
Downtown,3337.0,1.0,1.0,2,8.0,1,1,0,2009.0,641900.0
Uptown,4583.0,4.0,3.0,1,33.0,3,1,0,,805700.0
Uptown,2961.0,2.0,1.0,1,22.0,1,0,0,2009.0,513700.0
Midtown,,6.0,2.0,3,,1,0,0,,592400.0
Midtown,3859.0,6.0,5.0,0,24.0,1,1,0,2012.0,685700.0
Rural,1185.0,4.0,1.0,3,7.0,3,1,0,,202600.0
Uptown,2660.0,4.0,2.0,0,15.0,3,0,0,,437000.0
Downtown,4488.0,1.0,1.0,0,47.0,3,1,0,,775200.0
Midtown,4566.0,5.0,2.0,2,44.0,3,0,0,,804600.0
Midtown,2067.0,3.0,1.0,1,14.0,2,1,0,,392700.0
Downtown,538.0,6.0,5.0,1,0.0,2,0,0,2017.0,374800.0
Midtown,3044.0,6.0,2.0,1,21.0,2,1,0,2012.0,546700.0
Rural,1756.0,4.0,1.0,0,2.0,1,1,0,,232000.0
Uptown,3490.0,5.0,1.0,1,37.0,2,0,0,,583000.0
Downtown,2696.0,6.0,6.0,2,13.0,1,1,0,2022.0,820700.0
Uptown,3968.0,3.0,1.0,0,35.0,3,1,0,,650300.0
Midtown,3208.0,4.0,1.0,0,17.0,1,0,0,,453900.0
Midtown,801.0,3.0,3.0,0,46.0,1,0,1,2005.0,219300.0
Downtown,1146.0,5.0,4.0,0,40.0,2,0,0,,373600.0
Rural,2259.0,6.0,2.0,2,17.0,3,1,1,,289100.0
Suburb,4851.0,2.0,1.0,1,2.0,3,1,0,2017.0,606100.0
Downtown,1097.0,6.0,4.0,2,9.0,2,0,0,2016.0,491700.0
Suburb,1161.0,5.0,3.0,1,48.0,3,1,0,,235600.0
Suburb,4830.0,6.0,4.0,2,38.0,3,0,0,2002.0,633900.0
Rural,1868.0,6.0,1.0,3,46.0,3,1,0,2004.0,236000.0
Suburb,3081.0,1.0,1.0,3,0.0,2,0,0,,407400.0
Suburb,4368.0,6.0,5.0,3,26.0,3,1,1,,704500.0
Rural,4037.0,6.0,3.0,3,26.0,1,1,1,,482900.0
Suburb,4808.0,3.0,3.0,0,10.0,1,1,0,,624200.0
Suburb,782.0,2.0,2.0,0,48.0,3,1,1,,155100.0
Suburb,4178.0,3.0,1.0,2,4.0,2,1,1,,546400.0
Downtown,1986.0,3.0,3.0,2,6.0,2,0,1,,524400.0
Downtown,4582.0,4.0,3.0,3,18.0,2,1,0,2002.0,1003900.0
Downtown,4683.0,1.0,1.0,1,28.0,3,1,0,2020.0,905500.0
Rural,960.0,3.0,2.0,3,14.0,3,1,0,2002.0,167100.0
Midtown,2825.0,5.0,4.0,2,34.0,1,1,0,2004.0,478200.0
Suburb,4254.0,5.0,2.0,3,46.0,2,1,1,2015.0,557200.0
Suburb,2968.0,6.0,1.0,2,36.0,1,1,0,2019.0,463600.0
Rural,2224.0,4.0,2.0,3,11.0,1,0,0,,262300.0
Suburb,1876.0,1.0,1.0,1,29.0,2,1,1,,273900.0
Downtown,3243.0,1.0,1.0,3,19.0,3,1,0,2012.0,622100.0
Midtown,1014.0,6.0,2.0,1,36.0,3,1,1,,345900.0
Uptown,1202.0,5.0,4.0,1,2.0,1,1,0,,419900.0
Suburb,2153.0,2.0,,2,8.0,1,1,0,2023.0,294500.0
Downtown,2566.0,4.0,2.0,1,40.0,1,0,0,2012.0,470000.0
Uptown,522.0,6.0,5.0,0,38.0,1,1,0,2003.0,297000.0
Midtown,2960.0,4.0,3.0,0,,2,1,0,,542200.0
Uptown,1804.0,5.0,2.0,0,1.0,1,1,1,,456100.0
Downtown,3800.0,5.0,1.0,2,22.0,1,0,1,2018.0,897900.0
Uptown,861.0,2.0,2.0,0,22.0,3,0,0,,202000.0
Rural,4227.0,2.0,1.0,2,20.0,3,0,0,,329900.0
Uptown,1784.0,1.0,1.0,2,15.0,3,1,1,,473600.0
Suburb,1014.0,4.0,1.0,0,8.0,2,1,0,2003.0,209500.0
Suburb,948.0,4.0,4.0,1,12.0,2,0,0,2011.0,245600.0
Rural,2355.0,5.0,1.0,3,27.0,3,1,1,2005.0,362000.0
Downtown,4062.0,1.0,1.0,2,26.0,3,1,1,,765500.0
Suburb,3020.0,6.0,4.0,0,,1,1,0,,460200.0
Midtown,3581.0,4.0,1.0,2,16.0,1,0,0,,615800.0
Suburb,1928.0,1.0,1.0,1,37.0,2,1,0,2022.0,219700.0
Suburb,4467.0,1.0,1.0,1,35.0,2,0,0,,549400.0
Downtown,1422.0,5.0,3.0,0,,1,1,1,,472800.0
Uptown,3637.0,1.0,1.0,2,17.0,3,0,1,2003.0,659900.0
Suburb,2659.0,2.0,1.0,3,50.0,1,1,0,,290400.0
Rural,3047.0,2.0,1.0,3,8.0,2,1,0,2017.0,349300.0
Uptown,3479.0,3.0,3.0,2,12.0,2,0,1,2016.0,669600.0
Midtown,2781.0,5.0,2.0,2,39.0,1,0,0,,435200.0
Downtown,3149.0,6.0,3.0,2,44.0,1,1,0,,667500.0
Midtown,813.0,3.0,1.0,0,14.0,1,1,1,,215300.0
Uptown,3113.0,2.0,2.0,1,42.0,2,1,0,,508700.0
Uptown,3583.0,3.0,,3,43.0,3,0,0,,653200.0
Uptown,2756.0,5.0,4.0,0,45.0,1,0,0,2018.0,531000.0
Midtown,1537.0,5.0,5.0,2,3.0,2,1,0,,449600.0
Uptown,3989.0,,1.0,2,32.0,2,0,0,2011.0,593700.0
Midtown,3134.0,4.0,2.0,1,23.0,2,1,0,,528500.0
Uptown,4483.0,1.0,1.0,2,35.0,1,0,1,,640100.0
Rural,2278.0,5.0,1.0,0,50.0,1,1,0,,217000.0
Uptown,4395.0,,1.0,0,40.0,3,0,0,2000.0,672100.0
Midtown,1624.0,6.0,1.0,1,9.0,2,0,0,,359600.0
Suburb,1197.0,2.0,2.0,0,35.0,1,1,0,2006.0,179000.0
Uptown,2679.0,1.0,1.0,3,19.0,2,1,0,2014.0,447500.0
Suburb,1904.0,6.0,6.0,0,40.0,2,0,0,2010.0,370900.0
Rural,1543.0,5.0,2.0,0,44.0,3,0,0,2017.0,186700.0
Downtown,2429.0,2.0,2.0,0,43.0,1,0,0,,479300.0
Rural,1513.0,5.0,5.0,3,10.0,1,1,1,2008.0,271500.0
Uptown,726.0,6.0,4.0,2,11.0,2,1,0,2004.0,372900.0
Suburb,2328.0,6.0,6.0,0,17.0,2,0,0,2022.0,471400.0
Suburb,2523.0,2.0,2.0,1,,3,1,0,,344700.0
Midtown,2952.0,5.0,4.0,3,43.0,3,1,0,2011.0,534000.0
Suburb,2585.0,,3.0,1,47.0,3,1,0,,343000.0
Midtown,4783.0,5.0,1.0,0,36.0,3,1,0,,783200.0
Downtown,1580.0,6.0,6.0,1,19.0,3,0,0,2012.0,501800.0
Uptown,2820.0,5.0,3.0,0,24.0,3,0,1,2000.0,617300.0
Midtown,3690.0,1.0,1.0,3,11.0,2,0,0,2002.0,516900.0
Downtown,3130.0,3.0,2.0,1,20.0,3,1,0,2021.0,646800.0
Suburb,3063.0,4.0,2.0,1,24.0,2,1,0,,451500.0
Suburb,3792.0,1.0,,0,10.0,2,1,0,,453200.0
Downtown,4086.0,4.0,2.0,0,8.0,1,0,1,2017.0,896000.0
Suburb,4931.0,2.0,1.0,2,49.0,2,1,0,,510000.0
Downtown,3447.0,4.0,1.0,0,24.0,2,0,0,2019.0,713100.0
Midtown,4459.0,5.0,2.0,0,34.0,3,0,0,,703800.0
Midtown,3313.0,4.0,1.0,2,31.0,2,1,0,,594900.0
Downtown,3083.0,6.0,5.0,0,48.0,3,0,0,2001.0,701500.0
Midtown,661.0,1.0,1.0,0,13.0,3,0,1,,187800.0
Midtown,1093.0,1.0,1.0,2,0.0,3,1,0,2009.0,277200.0
Midtown,3759.0,4.0,4.0,3,16.0,1,0,0,,683900.0
Rural,4655.0,1.0,1.0,3,24.0,3,0,0,,486300.0
Uptown,3462.0,6.0,3.0,0,,2,0,0,2018.0,623000.0
Suburb,4388.0,1.0,1.0,0,4.0,3,1,1,,593700.0
Rural,3890.0,4.0,4.0,2,4.0,3,1,0,2008.0,455000.0
Midtown,1163.0,3.0,1.0,2,40.0,3,0,0,,201600.0
Downtown,1632.0,3.0,2.0,3,34.0,1,1,0,,452700.0
Midtown,1041.0,2.0,1.0,1,18.0,2,0,0,2008.0,183900.0
Uptown,3474.0,1.0,1.0,0,22.0,1,1,0,2008.0,606100.0
Midtown,1367.0,4.0,2.0,1,8.0,2,1,0,,307200.0
Downtown,2566.0,1.0,1.0,1,29.0,1,1,0,2023.0,518500.0
Uptown,931.0,5.0,4.0,2,49.0,2,1,1,2006.0,367100.0
Midtown,4778.0,6.0,,0,15.0,1,1,0,,855600.0
Uptown,1706.0,1.0,1.0,0,,3,1,1,,314300.0
Suburb,3028.0,1.0,1.0,2,1.0,1,1,0,2013.0,394000.0
Suburb,1669.0,3.0,1.0,1,13.0,1,1,0,,245600.0
Midtown,1330.0,6.0,4.0,2,45.0,3,0,0,,386300.0
Uptown,2151.0,4.0,2.0,3,0.0,3,0,1,2020.0,567500.0
Downtown,1636.0,1.0,1.0,0,25.0,2,0,0,,285100.0
Midtown,3310.0,3.0,1.0,3,24.0,2,0,0,2015.0,490800.0
Suburb,975.0,2.0,1.0,2,15.0,2,1,0,2015.0,164800.0
Suburb,3310.0,6.0,6.0,0,14.0,1,1,1,2018.0,667600.0
Midtown,1826.0,3.0,2.0,3,25.0,2,1,1,2010.0,454700.0
Uptown,1519.0,3.0,2.0,3,46.0,1,0,0,,288800.0
Suburb,2336.0,3.0,2.0,1,43.0,1,0,1,,379200.0
Uptown,,1.0,1.0,0,15.0,2,1,0,,784500.0
Suburb,2948.0,1.0,1.0,3,13.0,2,0,1,2015.0,443700.0
Suburb,4793.0,2.0,1.0,3,28.0,1,0,0,,580600.0
Rural,1783.0,5.0,4.0,1,23.0,3,1,0,,265400.0
Suburb,1159.0,5.0,4.0,3,46.0,3,1,0,2023.0,277700.0
Downtown,2510.0,5.0,2.0,3,14.0,1,1,0,2023.0,654800.0
Midtown,898.0,6.0,2.0,3,18.0,2,1,0,,275600.0
Midtown,,6.0,1.0,1,7.0,1,1,0,,461900.0
Uptown,2625.0,2.0,1.0,3,33.0,1,1,0,2002.0,510900.0
Suburb,2671.0,6.0,5.0,3,1.0,2,1,0,2005.0,491400.0
Downtown,574.0,5.0,1.0,0,26.0,3,0,0,,213200.0
Uptown,3971.0,5.0,4.0,0,9.0,1,1,1,,789400.0
Rural,1336.0,3.0,2.0,1,34.0,3,0,1,2001.0,183300.0
Uptown,999.0,6.0,4.0,2,22.0,3,0,1,2011.0,414700.0
Uptown,637.0,1.0,1.0,0,48.0,2,1,0,2023.0,118900.0
Suburb,2597.0,1.0,1.0,1,,1,1,0,,332600.0
Rural,4196.0,3.0,3.0,3,27.0,1,1,1,,447100.0
Uptown,,3.0,2.0,3,,3,1,1,2010.0,567200.0
Downtown,3257.0,3.0,3.0,1,3.0,3,1,0,,670100.0
Downtown,4420.0,1.0,1.0,3,13.0,2,1,0,,698400.0
Midtown,2400.0,5.0,4.0,3,41.0,3,1,0,,450500.0
Rural,3110.0,3.0,2.0,2,28.0,2,0,0,2017.0,324700.0
Rural,4486.0,2.0,2.0,3,0.0,1,0,0,2021.0,449500.0
Midtown,1949.0,3.0,2.0,0,3.0,2,1,0,2022.0,422800.0
Uptown,1046.0,4.0,4.0,3,31.0,3,0,1,2023.0,343700.0
Rural,2503.0,3.0,3.0,1,32.0,1,1,0,2008.0,275700.0
Downtown,2596.0,1.0,1.0,2,48.0,2,1,0,2020.0,409900.0
Downtown,1203.0,6.0,2.0,3,25.0,1,1,0,,423100.0
Suburb,2903.0,3.0,1.0,1,16.0,2,1,1,,386300.0
Rural,2125.0,6.0,6.0,0,38.0,3,1,0,2023.0,317800.0
Uptown,3831.0,,2.0,3,22.0,3,0,0,,737900.0
Midtown,3478.0,2.0,1.0,2,,1,0,0,2015.0,476200.0
Midtown,3339.0,6.0,4.0,3,14.0,1,0,0,,525900.0
Uptown,3884.0,5.0,2.0,1,12.0,1,1,0,,858400.0
Suburb,3159.0,3.0,3.0,2,1.0,2,0,0,2002.0,448200.0
Midtown,2361.0,4.0,2.0,3,18.0,3,1,0,2023.0,417200.0
Rural,3356.0,4.0,2.0,0,23.0,1,1,0,2000.0,373700.0
Suburb,1185.0,6.0,5.0,2,44.0,1,0,0,2005.0,279800.0
Rural,4783.0,2.0,1.0,0,23.0,1,0,0,,409500.0
Downtown,2119.0,1.0,1.0,1,10.0,2,1,0,,514500.0
Suburb,1931.0,3.0,3.0,3,21.0,1,1,1,2018.0,342200.0
Midtown,1375.0,4.0,4.0,0,14.0,1,1,0,,355800.0
Suburb,2961.0,2.0,2.0,1,9.0,2,1,0,,435400.0
Suburb,1865.0,5.0,3.0,3,40.0,2,1,0,,371100.0
Suburb,1743.0,4.0,2.0,1,26.0,1,1,0,,238000.0
Suburb,662.0,2.0,2.0,0,8.0,1,1,0,2008.0,183700.0
Rural,2474.0,1.0,1.0,1,27.0,2,1,0,2014.0,263700.0
Downtown,3791.0,1.0,1.0,2,0.0,3,0,0,2020.0,777300.0
Uptown,769.0,4.0,3.0,3,16.0,2,1,1,2013.0,347800.0
Suburb,1131.0,4.0,1.0,1,30.0,3,0,1,,208000.0
Midtown,1405.0,6.0,3.0,0,43.0,1,0,1,,342200.0
Suburb,3971.0,,1.0,3,9.0,1,0,0,,525800.0
Midtown,3753.0,2.0,2.0,2,36.0,3,1,0,,608300.0
Rural,2514.0,4.0,3.0,3,,2,0,0,,300400.0
Midtown,2141.0,3.0,3.0,2,17.0,1,0,0,,412400.0
Uptown,704.0,6.0,,3,46.0,3,1,0,2001.0,293400.0
Downtown,1081.0,3.0,3.0,1,37.0,2,1,0,2019.0,318200.0
Midtown,1340.0,4.0,3.0,1,38.0,3,1,0,2015.0,280600.0
Midtown,2219.0,1.0,1.0,0,48.0,2,1,0,2009.0,300700.0
Downtown,3143.0,2.0,2.0,2,5.0,2,1,0,,774200.0
Uptown,2797.0,2.0,1.0,0,39.0,2,1,0,,431400.0
Suburb,1374.0,1.0,1.0,1,11.0,2,0,0,,179400.0
Midtown,1189.0,4.0,2.0,2,13.0,3,1,1,,342600.0
Downtown,4500.0,2.0,1.0,0,43.0,3,1,0,,766200.0
Rural,3641.0,4.0,3.0,0,9.0,3,1,0,,437500.0
Downtown,1922.0,6.0,5.0,0,19.0,3,1,0,2008.0,665400.0
Rural,1171.0,4.0,1.0,0,14.0,3,1,0,2006.0,199100.0
Uptown,1671.0,3.0,1.0,0,30.0,2,1,0,2014.0,305200.0
Suburb,4226.0,1.0,1.0,2,,1,0,1,,568700.0
Downtown,1443.0,4.0,3.0,0,40.0,1,1,1,2016.0,460800.0
Midtown,1949.0,6.0,3.0,2,9.0,3,1,0,2002.0,549700.0
Uptown,4237.0,5.0,5.0,0,9.0,3,1,0,2014.0,838700.0
Downtown,3039.0,,1.0,1,47.0,1,1,0,,437500.0
Midtown,4459.0,2.0,2.0,1,38.0,2,0,0,2007.0,619600.0
Downtown,4760.0,3.0,1.0,0,27.0,3,0,1,2003.0,1141400.0
Rural,2861.0,2.0,2.0,3,29.0,2,0,0,,264300.0
Downtown,4152.0,6.0,5.0,1,36.0,1,1,1,,1043300.0
Downtown,4170.0,,5.0,2,2.0,1,1,0,,850500.0
Downtown,2253.0,2.0,1.0,0,49.0,3,0,0,2007.0,443900.0
Uptown,2852.0,1.0,1.0,2,42.0,2,0,0,2022.0,372000.0
Downtown,2438.0,2.0,1.0,3,,3,1,0,,453500.0
Midtown,870.0,4.0,2.0,0,20.0,1,0,0,,204400.0
Rural,4979.0,2.0,2.0,1,36.0,2,1,0,2014.0,471000.0
Rural,2431.0,3.0,2.0,2,11.0,3,0,0,,316600.0
Downtown,924.0,3.0,1.0,1,3.0,3,1,0,,350400.0
Uptown,1394.0,5.0,3.0,1,46.0,3,0,0,,284800.0
Uptown,1097.0,3.0,3.0,0,8.0,1,1,0,2017.0,320600.0
Midtown,3562.0,2.0,2.0,2,38.0,3,1,0,2001.0,531200.0
Downtown,2836.0,3.0,3.0,3,41.0,2,0,0,,535000.0
Rural,2187.0,1.0,1.0,1,27.0,3,1,0,2013.0,231700.0
Uptown,1072.0,3.0,2.0,0,22.0,1,1,0,2009.0,292000.0
Downtown,2590.0,4.0,2.0,0,44.0,3,1,1,,576100.0
Uptown,4169.0,1.0,1.0,3,39.0,1,1,0,2014.0,651900.0
Uptown,4772.0,5.0,,0,43.0,1,0,0,,823500.0
Rural,2133.0,4.0,2.0,1,21.0,2,1,0,2014.0,250200.0
Suburb,2017.0,2.0,2.0,0,,2,1,1,,315100.0
Midtown,4793.0,2.0,1.0,2,50.0,3,1,0,2020.0,647100.0
Midtown,,2.0,2.0,2,25.0,1,1,0,,513600.0
Rural,4148.0,4.0,2.0,1,29.0,1,0,0,2019.0,381800.0
Uptown,4088.0,4.0,1.0,2,32.0,2,1,0,,754400.0
Downtown,2037.0,4.0,2.0,3,15.0,2,1,0,2014.0,521500.0
Uptown,3637.0,1.0,1.0,0,21.0,3,0,0,,617800.0
Rural,597.0,6.0,2.0,1,48.0,1,1,1,2016.0,141600.0
Midtown,3715.0,1.0,1.0,3,49.0,2,1,1,2015.0,595500.0
Uptown,4250.0,2.0,1.0,0,42.0,3,0,0,,614000.0
Midtown,3657.0,6.0,1.0,3,17.0,1,0,0,2010.0,656500.0
Downtown,843.0,,3.0,1,6.0,1,1,0,,288400.0
Midtown,1110.0,2.0,2.0,1,,2,0,0,2002.0,173400.0
Midtown,2227.0,5.0,3.0,3,25.0,3,0,0,2018.0,439700.0
Suburb,2790.0,1.0,1.0,0,7.0,2,1,0,,362500.0
Suburb,2354.0,4.0,1.0,2,5.0,3,0,0,2008.0,326600.0
Suburb,3108.0,1.0,1.0,2,29.0,1,1,0,,368100.0
Midtown,2579.0,4.0,4.0,3,38.0,3,1,0,,472600.0
Rural,2824.0,6.0,4.0,1,22.0,3,1,0,2003.0,370000.0
Midtown,1677.0,5.0,2.0,0,31.0,3,1,0,2010.0,347800.0
Rural,1591.0,6.0,5.0,0,21.0,3,1,0,,290600.0
Rural,3291.0,5.0,2.0,1,41.0,3,0,0,,342300.0
Suburb,2249.0,1.0,1.0,2,42.0,2,1,1,2022.0,355000.0
Uptown,3175.0,4.0,2.0,0,44.0,3,1,1,,611500.0
Downtown,1281.0,6.0,5.0,3,8.0,3,0,0,2016.0,534300.0
Suburb,3548.0,5.0,1.0,2,30.0,1,1,0,2009.0,594900.0
Suburb,2605.0,2.0,2.0,3,6.0,3,1,0,,400100.0
Uptown,4367.0,2.0,2.0,2,8.0,1,1,0,,851600.0
Downtown,2613.0,6.0,5.0,1,12.0,2,1,0,2015.0,788800.0
Midtown,4470.0,4.0,3.0,3,2.0,2,1,0,,943100.0
Midtown,2491.0,6.0,2.0,3,34.0,3,1,0,2021.0,445100.0
Suburb,1567.0,1.0,1.0,1,32.0,2,1,0,2005.0,179900.0
Downtown,2077.0,,4.0,3,20.0,3,0,1,2006.0,596900.0
Suburb,1511.0,1.0,1.0,2,30.0,2,0,0,,189200.0
Rural,2774.0,2.0,1.0,0,33.0,3,1,0,,250000.0
Suburb,2314.0,5.0,2.0,0,31.0,3,1,0,2011.0,299400.0
Suburb,2926.0,6.0,2.0,1,34.0,1,0,0,2013.0,373500.0
Midtown,4902.0,1.0,1.0,2,14.0,1,0,0,2004.0,711400.0
Midtown,3051.0,3.0,2.0,3,31.0,1,0,0,,447600.0
Midtown,4157.0,4.0,4.0,3,5.0,1,1,0,2019.0,828800.0
Rural,507.0,4.0,1.0,0,44.0,3,1,1,,108200.0
Midtown,3055.0,3.0,3.0,3,20.0,2,1,0,2022.0,562300.0
Downtown,975.0,2.0,1.0,0,32.0,3,1,1,2014.0,290200.0
Uptown,2711.0,5.0,1.0,1,31.0,1,1,0,2000.0,528900.0
Downtown,984.0,,3.0,3,18.0,1,1,0,,386800.0
Downtown,,3.0,1.0,2,32.0,2,0,0,2022.0,610800.0
Midtown,4025.0,6.0,2.0,3,27.0,1,0,0,,704000.0
Uptown,3839.0,3.0,2.0,0,30.0,3,1,1,2002.0,719500.0
Uptown,3322.0,2.0,1.0,1,20.0,3,0,0,,598800.0
Uptown,3424.0,2.0,2.0,0,,3,1,0,,644500.0
Rural,758.0,1.0,1.0,3,14.0,3,1,0,,149800.0
Midtown,782.0,4.0,1.0,0,13.0,3,1,0,2021.0,227400.0
Uptown,2398.0,1.0,1.0,0,18.0,2,1,0,2013.0,423100.0
Rural,4635.0,3.0,2.0,1,,3,1,0,2015.0,496000.0
Suburb,3476.0,5.0,5.0,2,14.0,1,0,1,2017.0,481700.0
Suburb,2767.0,,4.0,3,5.0,1,1,0,2015.0,476800.0
Rural,3700.0,,2.0,1,8.0,1,1,0,,402700.0
Rural,,5.0,4.0,2,,1,0,0,2001.0,197600.0
Midtown,1187.0,5.0,5.0,0,19.0,2,0,0,2009.0,279800.0
Midtown,4190.0,5.0,2.0,2,,1,1,0,,608300.0
Suburb,1112.0,3.0,1.0,0,37.0,2,1,1,,164200.0
Uptown,2807.0,5.0,2.0,0,25.0,1,1,0,,600900.0
Suburb,3513.0,6.0,5.0,1,17.0,2,1,0,,584600.0
Uptown,2281.0,5.0,5.0,0,27.0,2,1,0,,630800.0
Uptown,3091.0,5.0,4.0,1,50.0,2,0,1,,650200.0
Midtown,3196.0,1.0,1.0,2,8.0,1,1,1,2002.0,645400.0
Downtown,4458.0,3.0,2.0,2,31.0,2,1,0,,821200.0
Downtown,1074.0,2.0,2.0,0,5.0,3,0,0,,300800.0
Rural,2410.0,1.0,1.0,1,13.0,3,1,0,2007.0,265900.0
Midtown,4104.0,4.0,3.0,0,27.0,1,1,1,2001.0,671100.0
Uptown,1169.0,3.0,3.0,1,,3,0,0,,321400.0
Downtown,4864.0,6.0,1.0,1,12.0,3,1,0,2002.0,1025000.0
Uptown,1783.0,3.0,1.0,1,42.0,3,1,0,,344000.0
Downtown,1423.0,4.0,2.0,2,11.0,1,1,0,,423100.0
Downtown,1625.0,4.0,2.0,1,50.0,1,0,0,,352000.0
Downtown,2029.0,4.0,2.0,2,18.0,3,1,1,2016.0,582100.0
Midtown,2094.0,2.0,2.0,1,20.0,1,0,0,2004.0,309700.0
Suburb,746.0,5.0,5.0,2,26.0,2,0,0,2019.0,236600.0
Uptown,4211.0,3.0,2.0,3,18.0,3,1,0,2016.0,762200.0
Midtown,2060.0,5.0,4.0,2,23.0,1,1,1,2009.0,464200.0
Midtown,2900.0,5.0,2.0,2,25.0,1,1,1,2008.0,489500.0
Midtown,2743.0,6.0,6.0,0,44.0,3,1,0,2021.0,624300.0
Midtown,4364.0,4.0,2.0,1,27.0,1,0,1,,742700.0
Midtown,2439.0,2.0,2.0,3,45.0,3,1,0,,457900.0
Rural,3569.0,6.0,1.0,0,17.0,1,1,0,2001.0,383500.0
Uptown,726.0,1.0,1.0,1,43.0,2,1,0,2022.0,150200.0
Midtown,4047.0,2.0,1.0,3,35.0,3,1,1,2011.0,612400.0
Uptown,764.0,5.0,2.0,3,41.0,2,1,1,,269200.0
Rural,1895.0,2.0,2.0,3,28.0,3,1,0,2015.0,220000.0
Rural,4057.0,4.0,4.0,1,16.0,1,1,0,2021.0,444600.0
Uptown,1145.0,1.0,1.0,3,3.0,2,1,0,,304700.0
Downtown,3490.0,4.0,3.0,3,43.0,1,1,1,2011.0,884900.0
Suburb,2399.0,1.0,1.0,0,44.0,3,0,0,2020.0,264800.0
Downtown,3004.0,6.0,2.0,2,28.0,3,0,0,,817300.0
Downtown,3272.0,5.0,5.0,1,3.0,3,1,0,2012.0,885000.0
Downtown,1654.0,1.0,1.0,2,9.0,3,0,0,,375400.0
Midtown,1087.0,,1.0,0,24.0,3,1,0,,208400.0
Rural,2321.0,1.0,1.0,2,30.0,2,0,0,2003.0,219600.0
Downtown,1485.0,2.0,2.0,3,2.0,3,0,0,,431100.0
Rural,4579.0,6.0,6.0,3,46.0,1,1,1,,498200.0
Uptown,3848.0,2.0,1.0,1,1.0,2,1,0,,752100.0
Suburb,4331.0,5.0,1.0,1,24.0,1,1,1,,714900.0
Uptown,1741.0,1.0,1.0,1,48.0,3,1,0,,272900.0
Uptown,689.0,6.0,6.0,0,5.0,1,1,0,,398900.0
Midtown,1480.0,6.0,1.0,1,25.0,2,0,0,2015.0,272300.0
Suburb,2198.0,3.0,3.0,0,7.0,2,0,0,2000.0,360900.0
Uptown,2215.0,5.0,2.0,3,34.0,2,1,0,,528400.0
Uptown,3093.0,6.0,4.0,2,26.0,1,1,0,,608300.0
Suburb,4636.0,1.0,1.0,3,,2,1,0,,502900.0
Suburb,4933.0,1.0,1.0,3,17.0,1,1,0,,495400.0
Uptown,1598.0,6.0,1.0,3,0.0,3,0,0,2001.0,500600.0
Suburb,2826.0,2.0,,1,47.0,3,0,0,2023.0,316200.0
Uptown,,5.0,4.0,1,38.0,1,1,0,2005.0,730400.0
Uptown,1395.0,1.0,1.0,1,2.0,2,1,0,,306200.0
Midtown,2174.0,6.0,2.0,2,3.0,1,0,0,2022.0,489500.0
Downtown,3409.0,1.0,1.0,1,40.0,1,0,1,,651600.0
Uptown,1430.0,6.0,3.0,0,36.0,1,0,0,2011.0,363800.0
Rural,4884.0,5.0,2.0,3,50.0,3,1,0,2003.0,461500.0
Downtown,1223.0,,6.0,2,14.0,1,1,0,2021.0,571000.0
Downtown,3440.0,3.0,,2,7.0,3,1,0,,809600.0
Downtown,1589.0,6.0,4.0,2,37.0,1,1,0,,524600.0
Midtown,1435.0,6.0,2.0,2,49.0,3,1,1,2004.0,335100.0
Uptown,2795.0,5.0,2.0,2,18.0,1,1,0,,539400.0
Midtown,655.0,6.0,2.0,0,46.0,1,0,0,,187400.0
Uptown,1570.0,5.0,1.0,3,25.0,2,0,0,2012.0,418700.0
Midtown,2458.0,3.0,3.0,2,38.0,2,0,0,,414500.0
Midtown,3001.0,5.0,2.0,3,9.0,1,1,0,2012.0,569400.0
Rural,4719.0,1.0,1.0,1,37.0,1,1,0,,417300.0
Midtown,4330.0,5.0,1.0,2,13.0,1,1,0,2009.0,743600.0
Suburb,1354.0,3.0,2.0,2,48.0,1,1,0,,180300.0
Rural,1139.0,4.0,3.0,3,40.0,2,0,0,2000.0,171600.0
Midtown,2738.0,6.0,5.0,2,18.0,3,1,0,,567800.0
Downtown,2102.0,5.0,1.0,2,29.0,1,1,0,2007.0,495800.0
Suburb,941.0,6.0,5.0,2,4.0,2,1,0,2006.0,299400.0
Suburb,1836.0,2.0,2.0,0,30.0,1,0,0,,217900.0
Suburb,4200.0,,1.0,0,6.0,1,1,0,,515900.0
Rural,1448.0,1.0,1.0,2,18.0,3,1,0,,168200.0
Midtown,3873.0,2.0,2.0,0,30.0,1,1,0,,526500.0
Midtown,959.0,2.0,,1,38.0,1,1,1,2022.0,234600.0
Downtown,892.0,5.0,1.0,2,23.0,3,1,0,,305000.0
Downtown,4438.0,2.0,1.0,1,33.0,3,0,0,2014.0,651700.0
Suburb,2287.0,4.0,2.0,3,22.0,3,0,0,2018.0,372100.0
Downtown,2757.0,6.0,4.0,1,47.0,3,0,0,,640500.0
Rural,1638.0,6.0,3.0,3,44.0,2,0,1,2013.0,254600.0
Midtown,4308.0,3.0,3.0,2,39.0,2,1,0,,695600.0
Suburb,2954.0,2.0,2.0,3,5.0,2,1,0,,481800.0
Downtown,1966.0,2.0,,3,37.0,1,1,0,,465600.0
Rural,4174.0,4.0,2.0,1,40.0,3,0,0,2023.0,413400.0
Rural,1877.0,1.0,1.0,1,35.0,3,1,0,,171700.0
Downtown,3097.0,1.0,1.0,1,26.0,2,0,0,2008.0,560400.0
Midtown,641.0,6.0,2.0,2,10.0,1,0,0,,251000.0
Downtown,3159.0,6.0,6.0,2,4.0,1,1,0,2010.0,959000.0
Suburb,1339.0,5.0,5.0,1,16.0,1,1,0,2009.0,322700.0
Downtown,4118.0,4.0,2.0,2,,2,1,1,,917500.0
Rural,4417.0,3.0,,2,26.0,1,0,0,2016.0,377900.0
Downtown,1095.0,3.0,2.0,3,46.0,1,1,0,2012.0,286300.0
Midtown,2404.0,4.0,3.0,3,14.0,1,0,0,,408000.0
Uptown,780.0,3.0,1.0,1,45.0,3,0,0,,166500.0
Downtown,923.0,1.0,1.0,2,12.0,2,1,0,,268000.0
Midtown,4865.0,3.0,3.0,3,10.0,3,0,0,2001.0,811600.0
Midtown,4749.0,3.0,2.0,0,44.0,3,0,0,2006.0,719900.0
Rural,2250.0,4.0,2.0,2,25.0,2,1,0,,307400.0
Midtown,2467.0,4.0,2.0,0,21.0,3,1,0,,458900.0
Midtown,4588.0,3.0,1.0,1,27.0,1,1,1,,728300.0
Midtown,4678.0,2.0,1.0,2,23.0,1,1,0,2001.0,670200.0
Midtown,3446.0,4.0,1.0,1,28.0,1,0,0,2018.0,539300.0
Suburb,1949.0,5.0,1.0,1,8.0,1,0,1,2004.0,337200.0
Suburb,2831.0,5.0,4.0,1,41.0,2,0,0,,453500.0
Rural,2720.0,1.0,1.0,1,3.0,3,1,0,,320600.0
Downtown,4289.0,3.0,2.0,1,48.0,3,1,0,,847900.0
Midtown,3310.0,2.0,1.0,2,45.0,1,1,0,2011.0,470800.0
Downtown,2031.0,1.0,1.0,0,17.0,1,1,0,,394700.0
Downtown,3490.0,3.0,2.0,2,42.0,3,0,0,,707700.0
Rural,4993.0,4.0,1.0,2,15.0,2,1,0,2009.0,521800.0
Midtown,1643.0,5.0,3.0,2,32.0,3,0,0,,355200.0
Midtown,1433.0,6.0,2.0,3,28.0,1,1,1,,404000.0
Uptown,1960.0,2.0,1.0,3,38.0,1,1,0,2011.0,336800.0
Downtown,3223.0,6.0,3.0,2,9.0,2,1,1,,905500.0
Downtown,3012.0,5.0,1.0,0,8.0,3,1,1,,713500.0
Suburb,785.0,6.0,4.0,2,30.0,2,1,0,,267800.0
Uptown,764.0,4.0,4.0,1,27.0,2,0,1,,315800.0
Suburb,2867.0,3.0,2.0,3,2.0,1,0,0,,469500.0
Suburb,3947.0,4.0,1.0,3,13.0,3,1,1,2003.0,589700.0
Suburb,2262.0,6.0,1.0,2,24.0,1,0,0,,340700.0
Rural,3548.0,4.0,4.0,2,14.0,3,1,0,2011.0,382800.0
Rural,2881.0,5.0,,0,1.0,1,1,0,,384900.0
Suburb,2769.0,2.0,1.0,0,23.0,1,1,0,,343500.0
Uptown,540.0,4.0,4.0,1,13.0,3,1,1,,410500.0
Downtown,567.0,5.0,5.0,2,47.0,3,0,1,,363400.0
Uptown,1487.0,2.0,2.0,2,6.0,1,1,0,,356800.0
Midtown,4508.0,3.0,2.0,2,35.0,3,1,1,,722100.0
Rural,3698.0,6.0,6.0,3,49.0,1,1,0,2005.0,470500.0
Downtown,3024.0,3.0,1.0,1,23.0,3,0,0,,629100.0
Downtown,1585.0,1.0,1.0,0,26.0,1,1,0,2011.0,276600.0
Midtown,2979.0,5.0,3.0,3,36.0,1,0,0,,496100.0
Midtown,2193.0,2.0,1.0,3,37.0,1,1,0,,368500.0
Suburb,2815.0,4.0,3.0,3,29.0,2,0,0,,391200.0
Rural,1278.0,3.0,2.0,3,26.0,3,1,0,,182100.0
Rural,2085.0,2.0,2.0,1,38.0,1,1,0,2015.0,217700.0
Uptown,1992.0,5.0,3.0,2,14.0,2,0,0,2019.0,489700.0
Suburb,1160.0,1.0,1.0,0,25.0,1,0,0,,127100.0
Suburb,1848.0,3.0,2.0,0,0.0,2,1,0,,361300.0
Suburb,1799.0,6.0,2.0,3,3.0,1,0,1,2012.0,369400.0
Suburb,4440.0,2.0,1.0,3,28.0,1,1,1,,517500.0
Rural,2486.0,6.0,4.0,1,,2,1,0,,317700.0
Rural,2544.0,2.0,2.0,3,42.0,2,1,0,,288700.0
Suburb,4016.0,2.0,1.0,0,49.0,3,1,1,,454400.0
Uptown,1558.0,5.0,4.0,0,45.0,3,0,0,,381500.0
Downtown,1476.0,5.0,4.0,2,21.0,2,0,0,2000.0,438300.0
Downtown,1227.0,5.0,2.0,2,10.0,3,0,0,2019.0,407200.0
Uptown,3027.0,4.0,1.0,0,9.0,2,1,0,2013.0,609900.0
Suburb,3636.0,2.0,1.0,0,16.0,3,1,0,,414700.0
Rural,842.0,3.0,2.0,1,35.0,1,0,0,2012.0,102200.0
Downtown,1947.0,6.0,4.0,1,,3,0,0,2001.0,493600.0
Midtown,2879.0,5.0,2.0,0,25.0,1,1,0,2013.0,464900.0
Midtown,4159.0,5.0,5.0,3,47.0,1,1,1,,749600.0
Uptown,1026.0,6.0,2.0,2,20.0,3,1,0,2004.0,349300.0
Suburb,2396.0,6.0,2.0,0,12.0,2,1,0,,428000.0
Downtown,2573.0,2.0,2.0,3,8.0,1,1,0,2018.0,561900.0
Suburb,905.0,5.0,4.0,0,10.0,1,0,0,,241100.0
Downtown,2073.0,6.0,,2,10.0,3,1,1,,802500.0
Uptown,4240.0,4.0,4.0,2,5.0,2,1,0,,772500.0
Uptown,4774.0,4.0,1.0,1,0.0,2,1,1,2014.0,894600.0
Midtown,4727.0,5.0,5.0,1,5.0,3,1,0,,869800.0
Suburb,2346.0,6.0,5.0,1,12.0,2,0,0,2004.0,442600.0
Midtown,1978.0,2.0,1.0,1,21.0,3,0,0,2020.0,317100.0
Suburb,2895.0,2.0,1.0,2,30.0,3,1,0,2023.0,412800.0
Midtown,1271.0,2.0,2.0,3,21.0,3,0,1,2001.0,316100.0
Rural,1078.0,1.0,1.0,3,36.0,1,1,0,2017.0,122800.0
Rural,3401.0,5.0,4.0,3,46.0,1,1,0,2023.0,368800.0
Rural,693.0,2.0,1.0,0,26.0,1,1,1,,122800.0
Rural,,4.0,1.0,1,49.0,3,1,0,2009.0,299400.0
Downtown,1685.0,6.0,5.0,1,13.0,1,1,1,2017.0,664900.0
Rural,2894.0,3.0,2.0,2,46.0,1,0,0,,296500.0
Uptown,3498.0,3.0,2.0,2,4.0,1,1,0,2007.0,671200.0
Uptown,2292.0,2.0,1.0,0,35.0,3,1,0,,439700.0
Downtown,1610.0,3.0,2.0,0,31.0,3,1,0,,433900.0
Rural,4505.0,3.0,3.0,3,33.0,3,1,0,,481800.0
Rural,2761.0,1.0,1.0,2,6.0,1,1,0,,284100.0
Rural,4236.0,4.0,3.0,1,41.0,2,0,0,2017.0,366600.0
Midtown,4293.0,4.0,4.0,3,47.0,1,0,0,2006.0,678800.0
Suburb,2436.0,1.0,1.0,1,9.0,1,1,0,2000.0,335700.0
Midtown,4857.0,1.0,1.0,3,49.0,3,1,1,2000.0,685000.0
Suburb,1229.0,3.0,3.0,1,16.0,3,1,0,,235700.0
Rural,4878.0,5.0,4.0,0,29.0,1,1,0,,516500.0
Rural,3951.0,6.0,5.0,3,20.0,1,1,0,2022.0,494100.0
Midtown,4957.0,6.0,6.0,1,12.0,2,1,0,2019.0,824200.0
Midtown,2640.0,3.0,1.0,1,0.0,2,1,1,,524000.0
Suburb,2144.0,6.0,4.0,2,0.0,3,1,0,2019.0,458900.0
Uptown,3300.0,1.0,,3,46.0,2,1,1,2003.0,651000.0
Suburb,641.0,4.0,3.0,1,32.0,2,1,0,2005.0,174800.0
Midtown,1955.0,6.0,4.0,2,37.0,3,0,0,,507200.0
Midtown,2596.0,,2.0,1,24.0,2,1,0,,456800.0
Downtown,1825.0,5.0,5.0,3,25.0,1,0,1,2012.0,544700.0
Midtown,1713.0,3.0,1.0,0,12.0,2,0,1,2022.0,334700.0
Downtown,,2.0,1.0,3,27.0,3,0,0,,334900.0
Uptown,4999.0,3.0,1.0,3,32.0,1,0,1,2023.0,852000.0
Suburb,840.0,1.0,1.0,1,36.0,2,1,0,2003.0,125900.0
Suburb,4328.0,4.0,1.0,1,40.0,1,0,1,,549200.0
Downtown,2468.0,4.0,4.0,3,29.0,1,0,0,,543300.0
Suburb,1203.0,6.0,5.0,2,48.0,2,1,0,,261800.0
Midtown,4913.0,1.0,1.0,2,47.0,2,1,0,,699300.0
Rural,2929.0,2.0,1.0,2,7.0,3,0,1,2012.0,351100.0
Downtown,,1.0,1.0,1,48.0,3,1,1,,460100.0
Suburb,1355.0,3.0,1.0,1,46.0,1,1,1,2003.0,173300.0
Downtown,2312.0,1.0,1.0,3,0.0,3,1,1,2023.0,548000.0
Downtown,3366.0,1.0,1.0,0,11.0,1,1,0,,690900.0
Rural,4142.0,2.0,1.0,1,4.0,1,0,1,2012.0,394600.0
Midtown,682.0,3.0,3.0,3,23.0,3,1,1,,290200.0
Downtown,3612.0,5.0,5.0,3,5.0,3,1,0,,994100.0
Suburb,4992.0,5.0,,0,24.0,3,0,0,2009.0,639200.0
Uptown,2017.0,4.0,4.0,2,0.0,2,1,0,2002.0,615700.0
Downtown,1856.0,6.0,6.0,3,24.0,1,1,1,,673300.0
Downtown,2674.0,1.0,1.0,3,0.0,1,1,1,,593000.0
Rural,4129.0,4.0,1.0,3,31.0,1,1,1,,481200.0
Midtown,4128.0,2.0,1.0,2,41.0,3,1,1,,656800.0
Uptown,4596.0,5.0,4.0,2,41.0,3,1,1,,863500.0
Suburb,3739.0,1.0,1.0,0,2.0,3,1,0,2002.0,500300.0
Uptown,4191.0,2.0,2.0,1,48.0,3,1,0,,688300.0
Suburb,518.0,6.0,5.0,2,18.0,3,1,0,2008.0,242100.0
Midtown,3903.0,2.0,2.0,1,42.0,2,1,0,,585600.0
Suburb,3504.0,1.0,1.0,1,28.0,3,1,0,2017.0,423400.0
Rural,1632.0,6.0,1.0,2,49.0,1,1,1,2008.0,195800.0
Rural,3839.0,2.0,2.0,3,1.0,3,1,0,2020.0,389600.0
Rural,3811.0,6.0,4.0,0,8.0,1,1,0,,523200.0
Rural,3872.0,1.0,1.0,1,16.0,3,1,0,2008.0,379500.0
Uptown,1487.0,1.0,1.0,3,45.0,3,0,0,2001.0,276900.0
Midtown,3821.0,6.0,2.0,2,35.0,1,1,0,2018.0,661700.0
Suburb,673.0,3.0,1.0,1,16.0,1,0,0,2015.0,138200.0
Suburb,4241.0,4.0,4.0,1,48.0,1,0,0,,559200.0
Rural,3552.0,2.0,2.0,1,11.0,1,0,0,2015.0,322000.0
Rural,1226.0,2.0,1.0,3,19.0,2,1,0,2020.0,174400.0
Downtown,4260.0,3.0,1.0,3,49.0,1,1,0,2012.0,726400.0
Midtown,2375.0,3.0,1.0,3,2.0,3,1,0,2002.0,503400.0
Uptown,4533.0,3.0,2.0,1,42.0,3,1,0,2009.0,799900.0
Suburb,1489.0,5.0,4.0,1,49.0,2,1,0,2021.0,282300.0
Downtown,4244.0,5.0,4.0,0,3.0,1,1,0,2017.0,938600.0
Downtown,3186.0,6.0,3.0,0,16.0,3,1,1,2005.0,898600.0
Suburb,919.0,5.0,5.0,3,,2,0,0,,227300.0
Uptown,1093.0,1.0,1.0,3,36.0,3,0,0,2017.0,176000.0
Downtown,2274.0,6.0,2.0,2,45.0,2,1,0,2005.0,478800.0
Downtown,2959.0,2.0,2.0,3,41.0,2,1,0,,544100.0
Midtown,1435.0,4.0,2.0,0,14.0,1,1,0,,334600.0
Uptown,4308.0,1.0,1.0,0,32.0,2,1,0,2012.0,733400.0
Downtown,831.0,2.0,1.0,0,15.0,3,0,0,2013.0,225800.0
Uptown,3949.0,2.0,,1,10.0,3,0,0,,700800.0
Suburb,3202.0,6.0,2.0,1,19.0,1,1,0,2006.0,530900.0
Rural,4506.0,3.0,1.0,3,37.0,1,0,0,2012.0,420200.0
Downtown,4368.0,3.0,2.0,2,23.0,2,0,0,,898600.0
Midtown,4700.0,1.0,1.0,2,15.0,1,0,1,,706100.0
Suburb,701.0,3.0,2.0,2,29.0,3,1,0,2020.0,170400.0
Uptown,2997.0,2.0,1.0,1,33.0,3,0,0,2000.0,486500.0
Suburb,2342.0,3.0,2.0,0,0.0,1,1,0,,420200.0
Downtown,2366.0,5.0,,0,23.0,1,1,1,,612800.0
Uptown,2496.0,3.0,1.0,1,23.0,1,0,0,,446000.0
Rural,1409.0,2.0,1.0,2,8.0,2,1,0,2007.0,164900.0
Suburb,4805.0,6.0,1.0,2,21.0,2,0,0,,591600.0
Downtown,3689.0,,1.0,3,11.0,3,1,0,2003.0,803100.0
Midtown,1270.0,4.0,4.0,3,16.0,2,1,0,,317400.0
Uptown,3655.0,3.0,1.0,2,24.0,2,0,0,2012.0,675100.0
Suburb,3001.0,2.0,2.0,1,27.0,2,1,0,,463600.0
Suburb,3214.0,4.0,3.0,2,14.0,2,1,0,2001.0,505500.0
Rural,4085.0,4.0,2.0,3,29.0,3,1,0,2009.0,482200.0
Rural,,5.0,3.0,2,50.0,1,1,0,,261500.0
Midtown,886.0,4.0,1.0,1,26.0,3,0,0,,215400.0
Midtown,3921.0,6.0,6.0,0,21.0,2,1,0,2011.0,791100.0
Downtown,4508.0,2.0,,1,9.0,1,0,1,,853300.0
Downtown,4593.0,2.0,1.0,1,30.0,1,0,0,2011.0,765300.0
Midtown,4863.0,3.0,1.0,3,26.0,1,0,1,,823000.0
Midtown,2966.0,3.0,3.0,1,11.0,3,0,0,,528900.0
Uptown,2782.0,3.0,2.0,1,45.0,1,1,0,2001.0,487300.0
Rural,2356.0,6.0,3.0,3,30.0,3,1,0,2015.0,322500.0
Downtown,2498.0,4.0,2.0,3,31.0,3,1,0,2021.0,620000.0
Rural,1736.0,4.0,4.0,0,31.0,2,0,0,,203900.0
Rural,4644.0,5.0,4.0,2,40.0,2,1,0,,492000.0
Midtown,1650.0,6.0,2.0,1,44.0,1,1,0,2019.0,343800.0
Uptown,,3.0,1.0,3,34.0,1,0,0,,702600.0
Suburb,1931.0,1.0,1.0,0,45.0,2,0,0,,200600.0
Uptown,2319.0,5.0,4.0,2,20.0,3,1,0,,550300.0
Uptown,2824.0,1.0,1.0,3,9.0,3,1,0,,563000.0
Rural,-1.0,4.0,2.0,2,15.0,2,1,1,2022.0,307100.0
Uptown,3158.0,5.0,4.0,2,6.0,3,1,1,2009.0,787300.0
Downtown,4000.0,5.0,5.0,1,3.0,2,1,0,2004.0,899900.0
Rural,874.0,2.0,1.0,1,26.0,2,0,0,2007.0,102600.0
Downtown,2620.0,4.0,1.0,3,24.0,1,1,1,2005.0,664700.0
Suburb,4520.0,4.0,1.0,2,30.0,1,0,1,2004.0,535700.0
Rural,2521.0,6.0,5.0,3,10.0,2,1,0,2019.0,330000.0
Suburb,4205.0,5.0,2.0,3,47.0,1,1,1,,539700.0
Rural,3759.0,4.0,3.0,2,19.0,2,1,0,,420900.0
Midtown,3935.0,5.0,3.0,3,35.0,3,1,0,2021.0,671700.0
Uptown,2389.0,6.0,6.0,2,16.0,3,1,0,,738200.0
Midtown,2323.0,6.0,1.0,2,44.0,3,1,0,,451100.0
Suburb,1974.0,2.0,1.0,2,10.0,3,1,1,2016.0,347400.0
Uptown,2742.0,5.0,2.0,2,29.0,2,1,0,2004.0,496400.0
Rural,3743.0,4.0,1.0,0,34.0,3,1,0,2022.0,392000.0
Uptown,3634.0,4.0,2.0,2,40.0,3,0,0,,755900.0
Downtown,2570.0,5.0,4.0,1,37.0,3,1,0,2016.0,704700.0
Uptown,859.0,5.0,5.0,1,21.0,3,1,0,2012.0,366600.0
Downtown,2541.0,5.0,1.0,1,42.0,2,0,1,2021.0,560700.0
Uptown,1641.0,3.0,3.0,2,47.0,3,1,0,,391900.0
Downtown,2135.0,,1.0,1,50.0,1,1,0,,473100.0
Suburb,4500.0,6.0,2.0,0,26.0,1,1,1,,599500.0
Midtown,2443.0,4.0,3.0,3,36.0,1,0,0,,416400.0
Rural,3861.0,3.0,2.0,2,45.0,1,1,1,,398900.0
Uptown,3480.0,5.0,4.0,1,48.0,1,1,0,,672400.0
Midtown,506.0,2.0,2.0,0,34.0,1,1,0,2002.0,134200.0
Rural,3767.0,5.0,5.0,3,3.0,2,0,0,2008.0,476400.0
Rural,2091.0,5.0,2.0,0,,1,0,1,2014.0,244600.0
Downtown,3764.0,3.0,2.0,1,15.0,3,1,0,,765600.0
Suburb,3106.0,4.0,1.0,0,20.0,1,1,0,,391300.0
Suburb,3719.0,5.0,2.0,3,25.0,2,0,0,,420500.0
Midtown,3773.0,4.0,1.0,1,35.0,1,0,0,,588800.0
Suburb,1413.0,1.0,1.0,3,18.0,3,0,0,,210600.0
Uptown,2511.0,6.0,3.0,0,16.0,3,1,1,,624700.0
Suburb,1942.0,4.0,3.0,2,44.0,2,0,1,2000.0,350300.0
Midtown,3554.0,,2.0,2,25.0,2,0,0,2002.0,557600.0
Suburb,4046.0,6.0,3.0,2,21.0,2,0,0,2004.0,516800.0
Uptown,4721.0,2.0,2.0,2,27.0,2,1,0,2006.0,861300.0
Downtown,3428.0,5.0,2.0,3,0.0,1,1,0,2002.0,909500.0
Midtown,2329.0,6.0,6.0,2,43.0,1,0,1,2003.0,534000.0
Downtown,1075.0,4.0,,3,35.0,3,1,1,2016.0,439300.0
Downtown,1429.0,6.0,2.0,1,42.0,2,0,1,2002.0,432800.0
Downtown,4259.0,5.0,1.0,2,36.0,2,0,0,2022.0,743100.0
Rural,4199.0,3.0,2.0,3,1.0,1,1,0,,457600.0
Rural,1963.0,2.0,2.0,2,16.0,2,1,0,2001.0,222700.0
Downtown,3775.0,5.0,4.0,2,39.0,3,1,0,2013.0,868200.0
Midtown,1554.0,3.0,1.0,2,37.0,3,0,0,2004.0,269700.0
Uptown,2400.0,6.0,3.0,3,20.0,2,1,1,,673700.0
Uptown,1957.0,6.0,1.0,0,8.0,3,1,1,,559100.0
Suburb,1899.0,5.0,4.0,2,12.0,3,1,1,2014.0,396500.0
Midtown,3915.0,4.0,3.0,2,10.0,1,0,1,2010.0,715500.0
Rural,,6.0,2.0,1,15.0,3,1,0,,213700.0
Downtown,4150.0,4.0,1.0,0,15.0,2,1,0,2009.0,763100.0
Suburb,1678.0,4.0,4.0,3,1.0,2,1,0,2019.0,419300.0
Uptown,4958.0,4.0,4.0,1,41.0,3,0,0,,820100.0
Rural,1757.0,1.0,1.0,2,43.0,2,1,0,2018.0,191700.0
Rural,4134.0,3.0,3.0,1,7.0,1,0,0,,393500.0
Downtown,2341.0,3.0,2.0,1,42.0,3,1,0,2022.0,510000.0
Uptown,2809.0,6.0,3.0,2,41.0,3,0,0,2021.0,580400.0
Midtown,1410.0,6.0,3.0,0,12.0,3,1,0,2013.0,349000.0
Rural,4840.0,4.0,2.0,0,16.0,2,0,0,2000.0,500200.0
Downtown,4509.0,1.0,1.0,1,38.0,2,0,0,,811800.0
Midtown,2669.0,4.0,3.0,2,23.0,3,0,0,2016.0,521600.0
Uptown,2672.0,1.0,1.0,3,2.0,2,0,0,2013.0,485900.0
Rural,623.0,4.0,4.0,1,29.0,2,1,1,2012.0,174600.0
Midtown,3658.0,2.0,1.0,3,12.0,3,1,0,,658200.0
Midtown,1285.0,2.0,2.0,1,,3,1,0,,291100.0
Midtown,2916.0,5.0,2.0,1,6.0,2,0,0,,500100.0
Rural,1296.0,,4.0,2,8.0,3,1,1,2001.0,280900.0
Rural,4672.0,6.0,1.0,2,18.0,3,1,0,,433200.0
Suburb,4654.0,3.0,3.0,3,44.0,3,1,1,2023.0,650400.0
Uptown,2436.0,5.0,5.0,3,39.0,3,1,1,2005.0,694400.0
Downtown,2656.0,6.0,3.0,0,21.0,2,1,1,2002.0,720600.0
Midtown,4307.0,2.0,2.0,2,17.0,3,1,0,2017.0,735100.0
Suburb,1801.0,4.0,4.0,1,22.0,1,1,0,2017.0,350900.0
Downtown,4663.0,5.0,4.0,1,1.0,3,0,0,2021.0,1074600.0
Suburb,3640.0,4.0,2.0,0,49.0,1,0,0,,486200.0
Rural,3736.0,2.0,2.0,2,49.0,3,1,0,2005.0,400200.0
Midtown,2852.0,5.0,3.0,1,10.0,1,1,1,2010.0,629900.0
Downtown,2432.0,2.0,2.0,0,30.0,1,0,1,2002.0,528200.0
Downtown,-1.0,1.0,1.0,0,32.0,3,0,0,2015.0,553300.0
Downtown,864.0,2.0,1.0,1,13.0,3,1,0,,261800.0
Downtown,2890.0,4.0,2.0,1,15.0,3,1,1,,785300.0
Downtown,1446.0,3.0,2.0,3,10.0,1,0,0,2021.0,382300.0
Suburb,1877.0,2.0,1.0,2,32.0,2,1,0,,238400.0
Midtown,1939.0,6.0,2.0,3,6.0,2,1,0,2014.0,435100.0
Rural,3680.0,3.0,3.0,0,30.0,3,1,0,,368700.0
Rural,840.0,1.0,1.0,1,47.0,2,0,0,,74500.0
Rural,,5.0,4.0,3,45.0,2,1,0,,429900.0
Rural,882.0,5.0,1.0,0,46.0,3,1,0,2023.0,131100.0
Suburb,2056.0,3.0,3.0,2,13.0,1,0,0,2003.0,333100.0
Uptown,799.0,5.0,5.0,1,27.0,3,1,0,2015.0,382300.0
Midtown,638.0,2.0,2.0,3,42.0,2,0,0,2016.0,130600.0
Downtown,858.0,3.0,3.0,2,15.0,1,0,0,,268400.0
Uptown,2022.0,4.0,4.0,3,18.0,2,1,0,,575500.0
Rural,3956.0,2.0,1.0,0,16.0,1,0,1,2003.0,343900.0
Uptown,2127.0,2.0,2.0,2,25.0,2,0,0,2006.0,404100.0
Midtown,1803.0,2.0,1.0,3,5.0,3,1,0,,350200.0
Downtown,1634.0,,2.0,2,42.0,2,0,1,2005.0,440400.0
Downtown,2686.0,1.0,1.0,0,48.0,2,1,1,2017.0,508000.0
Midtown,3670.0,6.0,5.0,2,8.0,1,1,1,,813700.0
Midtown,4335.0,5.0,4.0,3,49.0,2,0,0,,578900.0
Rural,2651.0,3.0,3.0,0,16.0,3,0,0,2018.0,327300.0
Downtown,1737.0,1.0,1.0,1,30.0,3,1,1,,446800.0
Uptown,4235.0,3.0,3.0,3,11.0,3,1,1,,967000.0
Suburb,3334.0,5.0,4.0,3,22.0,1,0,1,2013.0,574900.0
Suburb,4760.0,4.0,4.0,0,4.0,1,0,0,,659800.0
Midtown,1498.0,2.0,1.0,0,42.0,2,1,0,,221000.0
Rural,3067.0,2.0,,1,35.0,2,0,0,,285100.0
Suburb,1807.0,4.0,3.0,3,35.0,2,1,0,2014.0,325400.0
Downtown,1156.0,1.0,1.0,0,2.0,1,1,0,2018.0,308200.0
Midtown,3160.0,1.0,1.0,1,23.0,1,1,0,,488100.0
Uptown,2711.0,3.0,1.0,1,16.0,2,0,0,,496600.0
Midtown,2409.0,4.0,2.0,0,38.0,1,0,0,2022.0,389300.0
Uptown,4230.0,1.0,1.0,3,25.0,1,1,0,2003.0,734600.0
Midtown,2546.0,4.0,1.0,2,3.0,3,0,1,2017.0,558400.0
Midtown,3662.0,5.0,5.0,2,44.0,3,0,1,,794800.0
Midtown,,2.0,1.0,1,11.0,2,1,0,2005.0,326500.0
Uptown,766.0,2.0,2.0,2,0.0,2,0,0,2015.0,257800.0
Uptown,2345.0,2.0,1.0,2,20.0,3,1,1,2017.0,506300.0
Midtown,2208.0,4.0,2.0,0,18.0,1,1,0,2000.0,399000.0
Suburb,4130.0,4.0,2.0,1,20.0,2,1,0,,524400.0
Rural,3711.0,,2.0,3,17.0,2,1,0,2000.0,298900.0
Rural,2793.0,2.0,2.0,1,42.0,2,1,0,,258000.0
Rural,4232.0,3.0,3.0,0,2.0,1,0,0,,427900.0
Uptown,4329.0,2.0,1.0,2,48.0,3,0,0,2020.0,662700.0
Uptown,2010.0,3.0,3.0,3,43.0,2,1,0,2009.0,454400.0
Suburb,975.0,3.0,1.0,1,31.0,3,1,0,,167200.0
Rural,1476.0,5.0,4.0,2,9.0,3,0,0,2011.0,239700.0
Rural,1707.0,3.0,1.0,1,39.0,1,1,0,,147900.0
Midtown,2460.0,4.0,4.0,3,14.0,1,1,0,2000.0,540200.0
Uptown,1057.0,3.0,3.0,1,4.0,1,0,0,2007.0,283200.0
Rural,1382.0,2.0,2.0,1,3.0,1,1,0,,181000.0
Suburb,2694.0,3.0,2.0,1,27.0,1,0,0,,362900.0
Suburb,3167.0,1.0,1.0,2,50.0,1,1,0,,327100.0
Rural,2110.0,6.0,5.0,3,3.0,2,1,0,,366200.0
Uptown,3988.0,2.0,1.0,3,14.0,3,0,0,,634200.0
Suburb,2954.0,1.0,1.0,2,16.0,1,0,0,2002.0,351700.0
Midtown,4994.0,2.0,2.0,2,43.0,2,1,0,,696600.0
Suburb,2446.0,4.0,4.0,2,2.0,3,1,0,2005.0,441800.0
Downtown,3308.0,6.0,2.0,0,9.0,1,1,0,,860700.0
Downtown,4325.0,6.0,1.0,1,46.0,1,0,0,2011.0,703100.0
Uptown,4036.0,4.0,1.0,1,41.0,2,0,0,,739000.0
Rural,4302.0,6.0,5.0,3,22.0,3,0,0,,471700.0
Uptown,4677.0,4.0,2.0,1,17.0,1,1,0,2014.0,907400.0
Uptown,,1.0,1.0,0,0.0,3,0,1,,544600.0
Uptown,4322.0,5.0,2.0,2,34.0,2,0,0,2011.0,799900.0
Uptown,3319.0,2.0,2.0,3,30.0,1,1,0,2017.0,544100.0
Midtown,1402.0,4.0,2.0,3,43.0,3,1,0,2015.0,317800.0
Midtown,864.0,2.0,1.0,1,0.0,2,0,0,,240800.0
Suburb,4758.0,1.0,1.0,3,2.0,2,1,1,,641300.0
Downtown,3619.0,5.0,4.0,2,2.0,1,1,0,,885000.0
Uptown,3058.0,1.0,1.0,3,36.0,3,0,0,2004.0,494500.0
Suburb,2363.0,6.0,3.0,2,18.0,1,0,0,,405400.0
Downtown,615.0,2.0,1.0,0,28.0,1,0,0,,127600.0
Rural,2884.0,5.0,1.0,0,24.0,3,1,0,,329400.0
Midtown,4435.0,6.0,4.0,2,32.0,3,1,0,,779100.0
Downtown,2990.0,5.0,1.0,1,35.0,3,0,1,,615400.0
Rural,1442.0,6.0,6.0,3,28.0,2,0,0,,319600.0
Downtown,2224.0,1.0,1.0,1,25.0,2,1,0,,440900.0
Midtown,2834.0,4.0,1.0,3,3.0,3,1,0,,683200.0
Midtown,3267.0,2.0,,0,48.0,2,1,0,,494800.0
Suburb,1637.0,3.0,1.0,0,13.0,1,1,0,2013.0,261200.0
Uptown,3027.0,3.0,1.0,0,49.0,3,1,0,,499500.0
Downtown,4617.0,1.0,1.0,3,26.0,1,1,0,,812200.0
Downtown,3920.0,2.0,1.0,0,32.0,3,0,0,,687200.0
Rural,4406.0,2.0,1.0,0,21.0,1,1,1,,406600.0
Midtown,4137.0,1.0,1.0,0,47.0,3,0,0,,500100.0
Downtown,3453.0,2.0,1.0,0,2.0,1,1,0,2004.0,794100.0
Midtown,2867.0,4.0,,1,22.0,3,1,0,2017.0,554800.0
Downtown,4721.0,1.0,1.0,0,20.0,3,1,0,,982300.0
Suburb,776.0,4.0,1.0,0,40.0,2,0,0,2020.0,130600.0
Uptown,2499.0,2.0,2.0,1,22.0,1,0,0,,422300.0
Downtown,1727.0,1.0,1.0,1,3.0,2,0,0,,326200.0
Midtown,4252.0,2.0,1.0,3,20.0,1,0,0,2014.0,597800.0
Suburb,4235.0,1.0,1.0,2,36.0,2,1,1,2023.0,535100.0
Downtown,1195.0,2.0,2.0,0,42.0,3,1,0,2021.0,313900.0
Rural,1809.0,4.0,,0,30.0,2,0,0,,189600.0
Uptown,4652.0,4.0,4.0,0,20.0,2,0,0,,1064500.0
Downtown,3734.0,2.0,2.0,3,25.0,3,1,0,2012.0,756300.0
Suburb,4614.0,1.0,1.0,0,40.0,2,0,0,2019.0,517200.0
Rural,2811.0,3.0,3.0,2,34.0,3,1,0,,308100.0
Suburb,3341.0,4.0,3.0,1,37.0,1,0,0,2015.0,449200.0
Suburb,4708.0,4.0,3.0,3,23.0,2,0,0,2006.0,618700.0
Rural,4059.0,6.0,4.0,1,10.0,3,0,0,,466600.0
Suburb,3898.0,3.0,2.0,0,40.0,3,0,0,2014.0,447200.0
Rural,1041.0,2.0,1.0,0,28.0,2,1,0,2007.0,126000.0
Downtown,3194.0,,1.0,0,46.0,1,0,1,,596400.0
Rural,1588.0,6.0,5.0,2,,2,1,1,2016.0,308900.0
Rural,3863.0,2.0,2.0,2,0.0,3,1,1,,449400.0
Uptown,524.0,5.0,1.0,3,18.0,1,0,0,,214200.0
Rural,2072.0,4.0,2.0,1,45.0,2,0,0,2007.0,228200.0
Rural,3458.0,5.0,5.0,0,48.0,3,1,0,2013.0,460800.0
Downtown,4736.0,4.0,3.0,0,21.0,2,1,0,2009.0,1028000.0
Uptown,2267.0,4.0,1.0,0,13.0,1,1,0,2018.0,444700.0
Midtown,2735.0,5.0,4.0,0,48.0,1,0,0,2007.0,442300.0
Downtown,,5.0,2.0,2,13.0,1,0,0,2018.0,274300.0
Downtown,3698.0,2.0,2.0,1,,1,0,0,,620900.0
Midtown,756.0,6.0,2.0,1,15.0,1,1,0,2009.0,269900.0
Rural,4247.0,6.0,6.0,3,32.0,2,1,0,2022.0,535900.0
Suburb,2741.0,5.0,1.0,2,12.0,1,1,0,,438400.0
Uptown,3675.0,2.0,1.0,0,37.0,1,1,1,2003.0,672100.0
Suburb,4106.0,6.0,2.0,1,48.0,3,0,0,2015.0,582700.0
Midtown,3836.0,2.0,1.0,1,11.0,1,1,0,2023.0,558900.0
Downtown,913.0,2.0,1.0,2,50.0,3,1,0,,246300.0
Downtown,2514.0,4.0,4.0,3,37.0,3,0,0,2019.0,585200.0
Uptown,1881.0,6.0,6.0,3,38.0,3,1,0,,588100.0
Downtown,1598.0,6.0,4.0,0,32.0,2,1,0,,494400.0
Downtown,3926.0,4.0,4.0,3,32.0,2,1,0,2020.0,883300.0
Uptown,4155.0,5.0,1.0,1,28.0,3,1,0,2016.0,809600.0
Uptown,1409.0,4.0,4.0,3,4.0,2,0,0,,383900.0
Midtown,687.0,,5.0,0,5.0,1,1,0,,308000.0
Downtown,4544.0,6.0,5.0,1,30.0,2,0,0,2016.0,1065900.0
Downtown,4256.0,5.0,2.0,3,15.0,1,1,0,2005.0,926900.0
Midtown,2515.0,4.0,3.0,3,30.0,1,0,0,2002.0,442600.0
Rural,2592.0,1.0,1.0,2,24.0,2,1,0,2019.0,236400.0
Rural,4144.0,1.0,1.0,0,47.0,2,1,1,,375100.0
Rural,2630.0,5.0,1.0,3,45.0,3,1,0,,311600.0
Midtown,857.0,4.0,1.0,2,32.0,2,0,0,,179500.0
Downtown,2922.0,4.0,3.0,1,12.0,2,0,0,,746300.0
Midtown,4757.0,2.0,2.0,2,9.0,2,1,0,,822400.0
Midtown,1997.0,6.0,,2,23.0,1,1,0,,391500.0
Rural,2658.0,3.0,1.0,3,9.0,1,1,0,2000.0,286300.0
Suburb,3055.0,5.0,5.0,3,40.0,1,0,1,,389500.0
Downtown,2842.0,3.0,3.0,3,30.0,3,1,0,2001.0,614200.0
Rural,3451.0,3.0,2.0,2,12.0,3,1,0,2022.0,351300.0
Suburb,1738.0,,5.0,1,2.0,3,1,1,2009.0,385400.0
Suburb,1473.0,4.0,3.0,0,49.0,1,1,0,2022.0,231800.0
Uptown,4465.0,5.0,1.0,2,33.0,2,1,0,2018.0,822900.0
Downtown,1550.0,3.0,3.0,3,48.0,3,0,0,,437700.0
Suburb,4201.0,6.0,1.0,0,27.0,3,0,0,,546100.0
Rural,,6.0,5.0,1,18.0,1,1,0,,351400.0
Uptown,2088.0,6.0,6.0,0,22.0,3,0,0,,537700.0
Downtown,4378.0,4.0,1.0,3,44.0,2,1,1,2010.0,952000.0
Midtown,2868.0,1.0,1.0,2,31.0,1,1,0,2009.0,419300.0
Rural,936.0,5.0,4.0,2,,1,1,0,2006.0,224600.0
Suburb,3328.0,6.0,4.0,3,32.0,2,1,0,,509500.0
Suburb,2056.0,5.0,4.0,2,33.0,2,0,0,2023.0,381600.0
Rural,4358.0,6.0,5.0,3,32.0,2,0,0,,506000.0
Suburb,1804.0,4.0,2.0,2,4.0,3,1,0,2013.0,350800.0
Uptown,2884.0,1.0,1.0,2,2.0,2,0,0,,523800.0
Downtown,682.0,1.0,1.0,2,6.0,1,1,0,,208800.0
Uptown,2089.0,6.0,5.0,1,23.0,2,1,0,,571300.0
Suburb,2087.0,4.0,4.0,1,21.0,1,0,1,2016.0,384100.0
Midtown,1159.0,2.0,1.0,3,44.0,1,0,0,,153400.0
Downtown,,5.0,3.0,1,22.0,3,1,0,,343900.0
Downtown,4453.0,5.0,5.0,3,29.0,2,1,1,2014.0,1190200.0
Rural,1511.0,3.0,1.0,0,17.0,3,0,0,2007.0,181700.0
Rural,552.0,4.0,1.0,0,31.0,2,1,1,,143500.0
Midtown,2807.0,3.0,3.0,1,6.0,2,1,0,2008.0,551900.0
Downtown,1728.0,6.0,1.0,0,32.0,2,1,0,,408500.0
Midtown,1535.0,3.0,1.0,0,4.0,2,0,1,,354600.0
Rural,4202.0,1.0,1.0,2,48.0,2,0,0,,320100.0
Rural,4545.0,5.0,5.0,2,27.0,1,1,1,,530600.0
Downtown,4949.0,3.0,2.0,3,7.0,1,1,1,2017.0,1050600.0
Uptown,1764.0,1.0,1.0,0,14.0,2,1,1,2018.0,367300.0
Suburb,2384.0,4.0,3.0,3,3.0,1,1,0,,493400.0
Rural,2309.0,3.0,3.0,3,33.0,3,1,0,2017.0,286400.0
Rural,3667.0,6.0,6.0,0,4.0,3,0,0,2004.0,540200.0
Uptown,4297.0,6.0,2.0,1,32.0,3,1,1,,899900.0
Uptown,2841.0,6.0,2.0,0,4.0,2,1,0,,595500.0
Midtown,3914.0,5.0,3.0,2,37.0,2,0,0,2003.0,622600.0
Midtown,1317.0,3.0,1.0,0,33.0,1,0,0,2014.0,201300.0
Suburb,2937.0,4.0,1.0,1,25.0,1,1,0,2010.0,383400.0
Suburb,1388.0,3.0,3.0,3,0.0,1,0,0,2018.0,269000.0
Downtown,1167.0,5.0,2.0,3,3.0,3,0,0,,445900.0
Midtown,3124.0,1.0,1.0,2,38.0,3,1,1,2005.0,525200.0
Rural,4732.0,5.0,4.0,2,25.0,3,1,0,,558700.0
Midtown,1318.0,6.0,3.0,2,32.0,3,1,1,2022.0,458100.0
Rural,,1.0,1.0,3,32.0,1,1,0,2009.0,248300.0
Uptown,1606.0,6.0,1.0,2,7.0,2,0,0,,446800.0
Midtown,2724.0,2.0,1.0,0,19.0,2,0,0,,450400.0
Uptown,697.0,5.0,2.0,3,15.0,3,0,0,2003.0,317500.0
Suburb,3171.0,5.0,5.0,1,20.0,2,0,0,,428000.0
Suburb,3992.0,4.0,2.0,3,44.0,2,1,0,2022.0,599200.0
Downtown,2948.0,3.0,3.0,0,25.0,2,1,0,2011.0,619500.0
Midtown,970.0,1.0,1.0,0,22.0,3,1,0,2014.0,162700.0
Uptown,2448.0,1.0,1.0,2,17.0,1,0,0,,470000.0
Rural,4399.0,,3.0,3,30.0,1,0,0,2010.0,464100.0
Suburb,2510.0,4.0,1.0,3,41.0,2,1,0,2008.0,365400.0
Suburb,4300.0,3.0,3.0,3,11.0,1,1,0,2010.0,581300.0
Rural,4618.0,6.0,,1,0.0,1,0,0,2001.0,527100.0
Uptown,4296.0,3.0,1.0,2,41.0,3,1,1,2012.0,778700.0
Uptown,4488.0,5.0,4.0,0,8.0,3,0,0,2021.0,845000.0
Midtown,734.0,6.0,6.0,0,2.0,2,0,0,,347200.0
Midtown,1428.0,2.0,1.0,2,50.0,2,1,0,2020.0,230200.0
Downtown,4107.0,3.0,,0,25.0,2,0,0,,676500.0
Suburb,1022.0,4.0,2.0,0,,3,1,0,,240100.0
Midtown,4023.0,6.0,4.0,2,41.0,1,0,0,,581900.0
Uptown,2129.0,3.0,1.0,0,50.0,3,0,0,2005.0,397300.0
Rural,1816.0,1.0,,3,15.0,3,0,0,2012.0,197500.0
Uptown,3357.0,2.0,1.0,1,23.0,1,1,0,2008.0,527200.0
Suburb,1624.0,5.0,4.0,2,49.0,1,1,0,,306700.0
Uptown,3087.0,1.0,1.0,1,13.0,2,1,0,,515900.0
Downtown,1523.0,1.0,1.0,0,2.0,1,1,1,,404700.0
Suburb,1878.0,2.0,1.0,0,33.0,1,1,0,2015.0,243300.0
Rural,3874.0,5.0,5.0,3,32.0,1,0,1,,428200.0
Downtown,2019.0,4.0,2.0,2,49.0,1,0,0,,477100.0
Suburb,726.0,6.0,2.0,0,23.0,2,0,0,,212200.0
Rural,1391.0,5.0,1.0,2,8.0,2,0,0,2011.0,191700.0
Downtown,4572.0,3.0,3.0,2,12.0,1,1,0,2021.0,874900.0
Downtown,2757.0,1.0,1.0,2,1.0,1,0,0,2018.0,523300.0
Suburb,3288.0,3.0,2.0,2,6.0,2,0,0,,438500.0
Midtown,896.0,4.0,1.0,2,47.0,2,0,0,,183300.0
Downtown,2578.0,3.0,2.0,1,20.0,1,1,0,,546900.0
Downtown,4924.0,5.0,3.0,3,18.0,3,1,0,,987800.0
Rural,3737.0,,3.0,2,24.0,2,1,0,,408200.0
Uptown,4393.0,4.0,3.0,1,46.0,2,0,0,,667300.0
Suburb,2505.0,4.0,1.0,0,21.0,2,0,0,,360600.0
Suburb,2516.0,4.0,1.0,2,10.0,1,0,0,,370600.0
Midtown,3671.0,5.0,4.0,0,32.0,1,1,0,,610000.0
Midtown,3168.0,4.0,1.0,2,31.0,2,0,1,2002.0,517500.0
Suburb,2378.0,1.0,1.0,1,20.0,1,1,1,2001.0,342700.0
Midtown,1696.0,4.0,3.0,1,38.0,1,1,0,2007.0,310400.0
Rural,2272.0,3.0,1.0,1,19.0,2,0,0,,221100.0
Suburb,661.0,6.0,3.0,3,7.0,1,0,0,,223400.0
Midtown,4476.0,3.0,2.0,0,41.0,3,0,0,2008.0,581100.0
Suburb,2251.0,6.0,3.0,3,36.0,1,1,0,,368700.0
Uptown,1275.0,3.0,3.0,2,8.0,1,1,0,2010.0,339400.0
Downtown,1439.0,5.0,5.0,0,24.0,2,1,0,2008.0,556300.0
Suburb,3720.0,3.0,1.0,1,24.0,2,1,0,2013.0,460200.0
Downtown,1039.0,5.0,5.0,0,32.0,3,1,0,2004.0,396800.0
Midtown,1961.0,5.0,1.0,1,1.0,1,1,0,2008.0,431100.0
Downtown,855.0,4.0,1.0,3,18.0,3,0,0,2003.0,278700.0
Suburb,4104.0,1.0,1.0,3,45.0,3,0,0,,421800.0
Uptown,3823.0,6.0,1.0,1,19.0,2,0,0,,760800.0
Midtown,734.0,4.0,2.0,1,41.0,1,1,0,,181700.0
Suburb,2048.0,4.0,3.0,2,40.0,2,0,1,,366700.0
Midtown,2596.0,5.0,3.0,3,41.0,3,1,0,,509800.0
Rural,4713.0,5.0,3.0,3,28.0,3,0,0,,503900.0
Downtown,2601.0,6.0,6.0,2,5.0,2,1,0,2010.0,842200.0
Rural,2173.0,3.0,3.0,3,16.0,2,0,0,,256300.0
Suburb,2600.0,3.0,2.0,1,24.0,2,0,0,,327400.0
Uptown,4157.0,4.0,2.0,0,37.0,2,1,0,,806100.0
Midtown,4096.0,2.0,2.0,0,3.0,2,1,0,2006.0,692900.0
Downtown,4248.0,2.0,2.0,3,29.0,3,1,0,,856700.0
Midtown,3673.0,3.0,3.0,2,19.0,2,0,1,2014.0,694100.0
Suburb,2315.0,2.0,2.0,1,2.0,1,0,0,2007.0,340600.0
Midtown,4341.0,3.0,2.0,0,22.0,3,1,0,2021.0,742800.0
Downtown,2505.0,5.0,3.0,1,50.0,3,1,0,,538800.0
Suburb,4993.0,4.0,3.0,3,17.0,1,0,0,,651500.0
Midtown,1174.0,1.0,1.0,3,25.0,1,1,0,2007.0,236700.0
Uptown,886.0,4.0,1.0,0,35.0,3,1,0,,267700.0
Suburb,2658.0,3.0,1.0,3,7.0,2,1,1,,415600.0
Suburb,3161.0,3.0,2.0,2,16.0,3,0,0,,443300.0
Uptown,2564.0,4.0,,3,30.0,3,0,1,2019.0,621800.0
Rural,4351.0,6.0,6.0,3,36.0,1,1,0,,464600.0
Downtown,3753.0,3.0,3.0,3,44.0,3,1,1,2008.0,832100.0
Rural,4766.0,2.0,2.0,1,32.0,2,1,0,,395700.0
Midtown,1239.0,2.0,2.0,1,26.0,1,0,0,2020.0,214500.0
Uptown,1901.0,3.0,3.0,0,44.0,3,0,0,2005.0,340600.0
Rural,3759.0,3.0,2.0,0,3.0,3,1,0,,416200.0
Suburb,2777.0,6.0,4.0,0,21.0,2,0,0,,431600.0
Midtown,4404.0,2.0,2.0,3,25.0,3,0,0,,658800.0
Midtown,4423.0,3.0,3.0,1,31.0,3,0,0,,775700.0
Rural,4714.0,3.0,3.0,2,23.0,3,1,0,2009.0,497800.0
Rural,3727.0,6.0,1.0,3,45.0,3,0,0,,437800.0
Uptown,3331.0,6.0,3.0,3,34.0,2,1,0,2003.0,735000.0
Downtown,4258.0,4.0,1.0,3,36.0,3,1,0,,918600.0
Rural,3012.0,6.0,6.0,2,31.0,3,1,0,,388100.0
Rural,2651.0,,1.0,0,6.0,3,1,0,2005.0,263900.0
Suburb,4175.0,2.0,2.0,2,32.0,1,0,0,2008.0,494800.0
Midtown,3245.0,4.0,3.0,0,30.0,2,1,0,,614700.0
Downtown,4366.0,1.0,1.0,2,11.0,1,1,0,2004.0,806700.0
Suburb,4264.0,3.0,3.0,1,10.0,1,1,0,,513800.0
Uptown,2722.0,3.0,3.0,3,23.0,2,1,1,2023.0,652800.0
Uptown,,4.0,2.0,3,7.0,1,1,0,,682900.0
Rural,2197.0,6.0,5.0,3,31.0,1,1,0,,311900.0
Rural,3962.0,3.0,2.0,0,37.0,1,0,0,2016.0,349700.0
Uptown,4563.0,5.0,4.0,2,21.0,2,1,1,,897800.0
Rural,2024.0,4.0,2.0,1,33.0,3,1,0,,267900.0
Downtown,532.0,1.0,1.0,2,18.0,2,0,0,,151300.0
Rural,4525.0,4.0,4.0,3,19.0,2,1,0,2016.0,516200.0
Midtown,3066.0,2.0,,1,13.0,2,0,0,2013.0,446700.0
Rural,3303.0,6.0,4.0,1,32.0,1,1,0,2001.0,435000.0
Suburb,4396.0,6.0,1.0,3,9.0,3,1,0,,643900.0
Downtown,4209.0,4.0,4.0,2,15.0,2,1,0,2002.0,793100.0
Suburb,1219.0,3.0,2.0,3,3.0,2,1,1,,313300.0
Suburb,1472.0,3.0,3.0,2,26.0,3,0,0,,254300.0
Midtown,4218.0,5.0,4.0,1,27.0,3,0,0,2021.0,715000.0
Downtown,4902.0,5.0,5.0,1,42.0,3,0,0,,1115700.0
Downtown,2707.0,6.0,,3,15.0,1,1,0,,805500.0
Downtown,4926.0,5.0,4.0,1,32.0,3,1,1,2016.0,1275200.0
Downtown,4820.0,1.0,1.0,0,47.0,1,1,1,2005.0,872400.0
Downtown,3530.0,5.0,1.0,1,18.0,2,0,1,,754200.0
Midtown,4075.0,1.0,1.0,0,20.0,1,1,1,,535100.0
Rural,3616.0,5.0,1.0,1,21.0,3,0,0,2005.0,353300.0
Suburb,3785.0,6.0,1.0,3,8.0,1,1,0,,535900.0
Downtown,1143.0,6.0,4.0,3,8.0,3,1,0,,585300.0
Rural,694.0,1.0,1.0,0,8.0,1,1,0,,95300.0
Rural,4496.0,4.0,2.0,3,26.0,2,1,1,2004.0,561900.0
Suburb,988.0,6.0,5.0,1,16.0,1,1,0,,267700.0
Midtown,2704.0,4.0,4.0,1,43.0,2,1,0,,467500.0
Uptown,3157.0,3.0,2.0,3,44.0,3,1,1,,704300.0
Uptown,3776.0,1.0,1.0,1,7.0,2,1,0,,631700.0
Rural,1602.0,6.0,2.0,2,15.0,3,0,1,,293800.0
Suburb,1741.0,2.0,2.0,2,17.0,3,0,0,2004.0,251700.0
Uptown,1015.0,3.0,3.0,1,32.0,2,1,0,2004.0,272900.0
Rural,892.0,4.0,2.0,3,0.0,2,1,0,,203100.0
Midtown,1130.0,6.0,2.0,0,11.0,1,0,0,2021.0,266500.0
Uptown,4216.0,1.0,1.0,3,5.0,1,1,0,,724300.0
Rural,2347.0,5.0,2.0,0,40.0,2,0,0,2021.0,257500.0
Rural,3155.0,2.0,1.0,3,4.0,2,0,1,,347500.0
Downtown,1479.0,4.0,2.0,1,15.0,2,1,0,2014.0,411800.0
Midtown,3902.0,3.0,2.0,2,17.0,2,1,0,,585100.0
Downtown,4371.0,1.0,1.0,3,48.0,3,1,0,2018.0,885100.0
Suburb,,2.0,1.0,0,17.0,2,1,1,2012.0,206300.0
Downtown,732.0,1.0,1.0,2,0.0,2,1,0,,264200.0
Downtown,2052.0,6.0,4.0,0,18.0,2,1,0,,596600.0
Uptown,3770.0,5.0,1.0,1,7.0,2,0,0,,696100.0
Rural,2909.0,3.0,3.0,2,2.0,3,0,0,2016.0,371100.0
Midtown,4012.0,1.0,1.0,0,24.0,1,0,1,,631600.0
Downtown,525.0,4.0,3.0,3,4.0,1,1,0,2017.0,316100.0
Midtown,960.0,6.0,4.0,1,39.0,1,0,0,2016.0,292300.0
Downtown,4264.0,6.0,3.0,1,18.0,1,0,1,,1017500.0
Suburb,3931.0,3.0,3.0,1,17.0,1,0,0,,555600.0
Downtown,3983.0,6.0,2.0,3,49.0,3,1,0,2006.0,748800.0
Uptown,2494.0,4.0,,3,30.0,1,0,0,2004.0,469100.0
Rural,990.0,1.0,1.0,2,32.0,3,1,0,2007.0,122000.0
Suburb,1572.0,3.0,2.0,3,46.0,3,0,0,,224000.0
Downtown,3673.0,6.0,6.0,2,,1,0,1,,1116200.0
Midtown,715.0,6.0,5.0,1,38.0,1,0,0,2008.0,251900.0
Suburb,2223.0,4.0,2.0,2,15.0,1,1,0,2018.0,369100.0
Suburb,2092.0,5.0,3.0,0,15.0,2,1,0,2018.0,372200.0
Downtown,3106.0,5.0,2.0,1,46.0,3,0,0,,624600.0
Suburb,658.0,6.0,4.0,1,37.0,1,0,0,,179500.0
Midtown,3813.0,1.0,1.0,2,40.0,2,1,0,,632200.0
Suburb,3341.0,3.0,3.0,1,6.0,3,0,0,2016.0,472900.0
Midtown,2276.0,6.0,6.0,3,13.0,2,0,0,,597500.0
Downtown,2552.0,2.0,2.0,0,42.0,2,0,0,2006.0,466200.0
Rural,2795.0,3.0,2.0,2,47.0,1,0,0,2021.0,253500.0
Suburb,2196.0,5.0,5.0,2,24.0,3,0,0,,407200.0
Rural,3493.0,6.0,2.0,1,31.0,2,0,0,,380600.0
Midtown,2969.0,4.0,4.0,3,37.0,3,0,0,2018.0,523800.0
Suburb,2446.0,2.0,1.0,1,21.0,1,1,0,,300000.0
Uptown,4309.0,6.0,3.0,1,15.0,3,0,0,,885700.0
Rural,3283.0,1.0,1.0,2,28.0,2,1,0,,316500.0
Suburb,4144.0,2.0,2.0,1,15.0,2,0,0,2001.0,488600.0
Rural,3000.0,6.0,6.0,0,11.0,3,1,0,2023.0,394000.0
Suburb,4145.0,1.0,1.0,1,16.0,2,0,0,2018.0,496200.0
Downtown,,2.0,2.0,1,36.0,2,1,0,2012.0,529100.0
Rural,2849.0,1.0,1.0,2,26.0,2,0,0,2005.0,256300.0
Uptown,2432.0,1.0,1.0,1,24.0,1,1,0,2005.0,421800.0
Uptown,3794.0,2.0,1.0,3,12.0,1,0,1,2001.0,799100.0
Midtown,,2.0,1.0,2,7.0,2,0,0,,381300.0
Suburb,1616.0,1.0,1.0,1,4.0,3,1,0,,251100.0
Rural,3067.0,5.0,5.0,0,11.0,1,1,0,2010.0,402000.0
Midtown,3999.0,2.0,2.0,0,40.0,3,0,0,2010.0,539100.0
Rural,992.0,6.0,5.0,2,2.0,2,1,1,,279900.0
Suburb,3806.0,3.0,1.0,2,34.0,2,0,0,2013.0,457100.0
Uptown,1119.0,4.0,3.0,1,32.0,3,0,0,,320700.0
Downtown,3732.0,1.0,1.0,3,21.0,1,1,0,,676000.0
Uptown,4323.0,1.0,1.0,1,49.0,3,0,0,2014.0,647500.0
Midtown,2880.0,4.0,1.0,0,43.0,3,1,0,,392100.0
Downtown,2046.0,5.0,2.0,3,8.0,2,0,0,2002.0,572200.0
Midtown,4063.0,4.0,4.0,3,40.0,1,1,0,,676500.0
Suburb,2105.0,2.0,2.0,3,17.0,3,1,0,,389500.0
Downtown,4252.0,4.0,3.0,1,49.0,1,1,0,2004.0,863200.0
Midtown,2390.0,1.0,1.0,0,28.0,2,1,0,2005.0,332500.0
Suburb,1775.0,,4.0,2,38.0,1,0,0,,264400.0
Uptown,3243.0,3.0,1.0,1,26.0,2,1,0,2007.0,616200.0
Suburb,2993.0,6.0,4.0,2,35.0,1,0,0,2004.0,517400.0
Rural,-1.0,2.0,,3,44.0,3,1,1,,176800.0
Suburb,1369.0,4.0,3.0,3,16.0,2,1,1,,300100.0
Suburb,1385.0,1.0,1.0,1,33.0,3,1,0,2001.0,196400.0
Rural,2501.0,6.0,5.0,0,45.0,2,1,0,2010.0,356800.0
Midtown,1783.0,2.0,2.0,3,2.0,1,0,1,,348600.0
Midtown,1119.0,1.0,1.0,2,4.0,1,1,0,,255300.0
Suburb,1382.0,5.0,2.0,2,13.0,2,0,0,,252600.0
Rural,1296.0,3.0,1.0,1,2.0,2,1,0,,186100.0
Rural,4142.0,5.0,3.0,2,22.0,2,0,0,2023.0,454400.0
Uptown,3925.0,3.0,1.0,0,38.0,1,1,0,2001.0,697400.0
Midtown,1796.0,4.0,3.0,3,29.0,2,0,0,,414900.0
Downtown,744.0,2.0,1.0,2,49.0,2,1,0,2004.0,172900.0
Midtown,3395.0,4.0,4.0,2,44.0,3,0,0,2011.0,557900.0
Midtown,1429.0,3.0,2.0,3,22.0,2,1,0,2012.0,307700.0
Uptown,1019.0,3.0,3.0,1,26.0,3,0,0,2016.0,300500.0
Downtown,3712.0,3.0,3.0,2,9.0,3,1,0,2003.0,918900.0
Uptown,2909.0,6.0,3.0,1,24.0,3,0,0,2009.0,671200.0
Downtown,507.0,1.0,1.0,1,12.0,1,1,1,,230000.0
Suburb,3025.0,2.0,2.0,2,15.0,3,0,1,,460000.0
Downtown,3923.0,4.0,1.0,0,40.0,2,1,1,2015.0,791200.0
Uptown,2519.0,4.0,1.0,1,33.0,1,0,0,,433700.0
Midtown,4782.0,5.0,3.0,2,36.0,1,1,0,,829500.0
Downtown,4167.0,3.0,3.0,1,21.0,1,0,0,,845700.0
Downtown,4171.0,3.0,1.0,3,16.0,1,0,0,2006.0,775200.0
Rural,3301.0,3.0,1.0,0,22.0,1,1,0,2018.0,352700.0
Midtown,585.0,4.0,4.0,0,35.0,1,0,0,,175500.0
Suburb,3615.0,5.0,5.0,3,48.0,1,0,0,,519700.0
Uptown,4732.0,1.0,1.0,3,8.0,3,1,0,2006.0,754200.0
Suburb,2968.0,6.0,3.0,1,1.0,2,1,0,,463900.0
Midtown,4119.0,2.0,2.0,3,31.0,2,1,0,2008.0,646400.0
Downtown,2136.0,1.0,1.0,0,49.0,3,0,0,,327600.0
Downtown,4083.0,4.0,1.0,3,21.0,3,0,0,2002.0,814200.0
Midtown,4509.0,6.0,4.0,2,,1,1,1,2022.0,891900.0
Downtown,3826.0,6.0,1.0,2,12.0,1,0,0,2021.0,799900.0
Downtown,2718.0,6.0,3.0,1,7.0,3,1,0,2015.0,793400.0
Downtown,2717.0,3.0,1.0,0,0.0,1,0,0,,526400.0
Uptown,2869.0,2.0,1.0,2,16.0,2,1,1,,615000.0
Uptown,4138.0,4.0,2.0,3,11.0,2,1,0,2004.0,746400.0
Rural,3003.0,4.0,1.0,2,3.0,1,1,0,2022.0,334000.0
Suburb,1443.0,6.0,5.0,2,12.0,1,0,1,,387500.0
Midtown,3337.0,4.0,4.0,1,30.0,1,1,0,2018.0,592900.0
Midtown,3160.0,2.0,2.0,3,40.0,2,0,0,2016.0,512400.0
Midtown,3436.0,,2.0,3,6.0,1,1,0,2015.0,616800.0
Rural,4944.0,5.0,4.0,3,22.0,3,1,0,2020.0,542300.0
Uptown,4447.0,5.0,3.0,1,23.0,1,0,0,2023.0,899800.0
Rural,2176.0,1.0,1.0,3,4.0,3,1,0,2020.0,267400.0
Midtown,1696.0,2.0,1.0,3,4.0,1,1,0,2018.0,330600.0
Suburb,4605.0,2.0,2.0,2,16.0,1,0,0,2017.0,568700.0
Downtown,3287.0,2.0,2.0,2,29.0,2,1,0,2018.0,679600.0
Uptown,1961.0,5.0,3.0,3,8.0,3,0,0,,523700.0
Uptown,3818.0,6.0,3.0,0,5.0,3,0,0,,779400.0
Rural,1166.0,6.0,3.0,0,24.0,3,1,0,,222700.0
Uptown,2676.0,4.0,4.0,3,18.0,2,1,0,2003.0,668600.0
Midtown,4243.0,6.0,2.0,0,15.0,3,0,0,2008.0,735500.0
Midtown,1100.0,3.0,1.0,1,20.0,2,1,0,2007.0,249600.0
Rural,3152.0,5.0,4.0,2,1.0,1,1,0,2001.0,404600.0
Midtown,4922.0,,1.0,1,9.0,1,1,0,,684900.0
Suburb,4324.0,6.0,5.0,2,15.0,3,1,1,,652800.0
Rural,4406.0,5.0,1.0,0,36.0,1,0,0,2022.0,382800.0
Suburb,1479.0,6.0,1.0,0,14.0,1,1,0,,262300.0
Downtown,2951.0,1.0,1.0,3,12.0,3,1,0,,714400.0
Suburb,1128.0,2.0,1.0,0,12.0,1,0,0,2013.0,175600.0
Downtown,2129.0,1.0,1.0,0,31.0,3,1,0,,398700.0
Downtown,4196.0,2.0,1.0,3,44.0,3,0,0,2021.0,785400.0
Suburb,3930.0,5.0,4.0,3,46.0,1,0,0,,529600.0
Rural,4174.0,4.0,1.0,2,45.0,1,1,0,2001.0,402500.0
Midtown,4429.0,6.0,2.0,0,7.0,1,1,0,,721500.0
Midtown,3265.0,6.0,1.0,2,42.0,1,1,0,,635400.0
Downtown,4869.0,3.0,1.0,2,17.0,1,1,0,2011.0,1085600.0
Downtown,615.0,1.0,1.0,1,35.0,2,1,0,2004.0,149400.0
Rural,2503.0,6.0,6.0,0,25.0,1,1,0,2008.0,338500.0
Uptown,1192.0,5.0,5.0,0,9.0,2,1,0,,469300.0
Suburb,3662.0,,3.0,1,30.0,3,0,0,,449100.0
Downtown,1605.0,5.0,3.0,2,32.0,1,0,1,2015.0,516600.0
Midtown,3508.0,1.0,1.0,0,28.0,1,0,0,,471000.0
Rural,2661.0,3.0,1.0,2,4.0,1,1,0,,266000.0
Suburb,653.0,6.0,2.0,1,12.0,3,1,0,2015.0,225300.0
Rural,4199.0,5.0,3.0,3,0.0,2,0,0,,452900.0
Suburb,4910.0,2.0,2.0,2,22.0,2,0,0,,603700.0
Suburb,4286.0,4.0,3.0,0,39.0,1,0,0,,529700.0
Downtown,1564.0,5.0,5.0,3,2.0,1,0,0,2021.0,491700.0
Rural,4700.0,4.0,4.0,2,2.0,1,1,1,,539600.0
Rural,2413.0,6.0,2.0,2,6.0,1,1,0,2000.0,337900.0
Midtown,1716.0,2.0,2.0,3,35.0,3,0,1,,370000.0
Midtown,2901.0,3.0,2.0,3,34.0,1,1,0,2023.0,471100.0
Downtown,2272.0,3.0,3.0,3,14.0,3,1,0,,632200.0
Downtown,2460.0,2.0,2.0,0,39.0,1,1,0,,488600.0
Uptown,3280.0,4.0,3.0,0,2.0,2,0,0,2016.0,660500.0
Midtown,3371.0,6.0,3.0,2,28.0,2,1,0,2006.0,654300.0
Suburb,1160.0,5.0,5.0,2,29.0,1,0,0,2017.0,247300.0
Rural,,2.0,1.0,1,38.0,1,1,1,2012.0,316600.0
Downtown,2829.0,1.0,1.0,0,17.0,3,1,1,,541800.0
Rural,4454.0,4.0,1.0,2,10.0,1,1,0,,453400.0
Rural,2950.0,3.0,2.0,3,42.0,1,0,0,,319700.0
Uptown,1632.0,2.0,2.0,3,48.0,1,0,0,2000.0,277500.0
Midtown,1199.0,3.0,1.0,0,37.0,2,0,0,,210900.0
Downtown,2538.0,4.0,3.0,3,39.0,3,1,0,2016.0,608000.0
Rural,5000.0,3.0,1.0,1,0.0,2,0,1,,468600.0
Downtown,2679.0,2.0,2.0,2,28.0,3,0,0,2002.0,583100.0
Suburb,3338.0,4.0,2.0,2,9.0,2,1,0,,511600.0
Uptown,1373.0,1.0,1.0,2,27.0,1,1,0,,311600.0
Suburb,583.0,2.0,2.0,0,30.0,2,1,0,2023.0,116100.0
Downtown,1922.0,5.0,1.0,3,18.0,2,0,0,2011.0,493400.0
Downtown,3175.0,6.0,4.0,1,2.0,3,1,0,2019.0,882200.0
Midtown,3680.0,,1.0,0,35.0,3,0,1,2009.0,607400.0
Rural,4816.0,4.0,3.0,2,42.0,2,1,0,2006.0,507800.0
Rural,4475.0,6.0,1.0,1,14.0,3,0,0,2009.0,454100.0
Suburb,1891.0,2.0,1.0,2,32.0,3,1,0,2017.0,246800.0
Uptown,3718.0,1.0,1.0,2,,3,1,1,2021.0,683600.0
Rural,4707.0,1.0,1.0,0,42.0,3,1,1,,455500.0
Midtown,1114.0,5.0,3.0,2,50.0,3,1,0,,305900.0
Suburb,3471.0,3.0,2.0,1,44.0,2,0,0,2016.0,407500.0
Suburb,4065.0,6.0,5.0,2,25.0,3,0,1,2011.0,668200.0
Midtown,4076.0,4.0,3.0,3,15.0,1,1,0,,622500.0
Uptown,770.0,4.0,3.0,2,35.0,2,1,0,,253400.0
Midtown,4566.0,3.0,2.0,0,32.0,2,1,0,2013.0,744800.0
Uptown,2968.0,1.0,1.0,1,19.0,2,1,0,,527100.0
Midtown,1890.0,1.0,1.0,0,12.0,3,1,1,2001.0,386900.0
Midtown,3854.0,2.0,2.0,3,32.0,1,1,0,2020.0,569200.0
Downtown,4635.0,5.0,2.0,2,4.0,3,0,0,,937900.0
Suburb,4107.0,6.0,6.0,0,36.0,2,1,0,2010.0,603300.0
Midtown,3083.0,5.0,4.0,0,13.0,2,0,0,2001.0,589000.0
Midtown,4573.0,5.0,1.0,0,26.0,2,0,0,2015.0,724900.0
Rural,3575.0,2.0,1.0,0,22.0,2,1,0,,336900.0
Suburb,4406.0,5.0,4.0,3,13.0,3,1,0,,580100.0
Rural,789.0,3.0,1.0,3,39.0,1,1,0,2019.0,115700.0
Suburb,2980.0,2.0,1.0,2,3.0,1,1,1,,454200.0
Rural,3752.0,3.0,1.0,2,38.0,2,1,1,,406500.0
Midtown,778.0,2.0,1.0,1,18.0,1,0,1,,204900.0
Midtown,3424.0,5.0,4.0,3,46.0,2,1,0,,661200.0
Downtown,1080.0,3.0,1.0,0,3.0,2,1,0,,365000.0
Rural,753.0,3.0,2.0,0,29.0,1,1,1,,145100.0
Uptown,4776.0,3.0,2.0,1,18.0,2,0,0,2004.0,795400.0
Downtown,1324.0,2.0,1.0,0,30.0,1,0,0,2000.0,263700.0
Rural,4332.0,4.0,1.0,1,30.0,2,1,0,,456400.0
Rural,1199.0,5.0,2.0,2,8.0,1,1,1,2020.0,232100.0
Downtown,1880.0,3.0,2.0,3,,2,1,0,,551000.0
Midtown,4396.0,6.0,6.0,1,13.0,1,1,0,2004.0,842100.0
Rural,2173.0,4.0,1.0,0,45.0,2,1,0,,245500.0
Midtown,3227.0,6.0,5.0,1,9.0,2,1,0,,772300.0
Downtown,3656.0,5.0,3.0,2,47.0,2,1,1,2017.0,1024600.0
Midtown,3888.0,5.0,2.0,0,30.0,1,1,0,,631800.0
Suburb,4807.0,3.0,3.0,2,36.0,3,0,0,2013.0,675100.0
Uptown,883.0,3.0,2.0,2,22.0,2,1,1,,345800.0
Rural,841.0,2.0,1.0,1,26.0,2,1,0,,124200.0
Uptown,2487.0,4.0,4.0,2,5.0,1,1,0,2009.0,622900.0
Midtown,4559.0,4.0,4.0,0,25.0,2,0,0,2019.0,792600.0
Rural,3609.0,3.0,2.0,2,1.0,2,1,0,,359900.0
Midtown,4582.0,5.0,1.0,2,44.0,2,1,1,,746100.0
Suburb,3298.0,3.0,2.0,1,12.0,2,1,0,,439900.0
Downtown,3740.0,5.0,3.0,2,50.0,3,0,1,2010.0,783600.0
Rural,2488.0,5.0,,3,49.0,3,1,0,,259700.0
Suburb,3914.0,3.0,2.0,1,18.0,2,1,0,,500600.0
Suburb,,1.0,,1,0.0,2,1,0,2008.0,328300.0
Rural,805.0,4.0,2.0,0,39.0,2,0,0,,112300.0
Midtown,4113.0,6.0,5.0,0,31.0,3,1,0,,760500.0
Suburb,3249.0,5.0,1.0,0,21.0,3,0,0,,471700.0
Uptown,1635.0,5.0,3.0,0,47.0,1,0,0,2009.0,314100.0
Suburb,,1.0,1.0,3,28.0,1,1,0,,103800.0
Midtown,3950.0,,5.0,1,1.0,2,1,0,,820500.0
Midtown,4311.0,2.0,1.0,2,39.0,2,1,0,2005.0,624500.0
Uptown,4122.0,1.0,1.0,0,37.0,3,1,0,,657900.0
Suburb,4099.0,6.0,4.0,0,47.0,2,0,0,,518900.0
Midtown,3051.0,1.0,1.0,0,10.0,2,1,1,,555900.0
Rural,4808.0,5.0,5.0,2,16.0,3,0,0,2023.0,523600.0
Downtown,809.0,4.0,3.0,0,50.0,3,1,0,2019.0,256400.0
Downtown,3208.0,1.0,1.0,2,42.0,3,1,0,,679400.0
Downtown,2491.0,2.0,1.0,1,7.0,3,1,0,,593100.0
Suburb,,3.0,1.0,1,21.0,1,1,1,,187500.0
Uptown,4142.0,6.0,3.0,1,3.0,3,1,0,,709700.0
Midtown,4586.0,1.0,1.0,3,10.0,3,1,1,2013.0,744000.0
Rural,2322.0,1.0,1.0,2,7.0,2,0,0,,237000.0
Rural,3773.0,2.0,2.0,0,8.0,2,0,1,,446300.0
Suburb,4849.0,4.0,2.0,0,,2,1,0,2019.0,533600.0
Downtown,,1.0,1.0,0,1.0,1,1,0,,300600.0
Suburb,1476.0,1.0,1.0,0,15.0,3,0,0,2010.0,204600.0
Uptown,4222.0,4.0,1.0,3,30.0,3,0,0,,672600.0
Uptown,4051.0,2.0,1.0,0,5.0,1,1,0,2018.0,756500.0
Midtown,4605.0,6.0,2.0,3,20.0,3,1,0,,789100.0
Midtown,3273.0,6.0,2.0,2,25.0,2,0,0,2012.0,497200.0
Uptown,3052.0,1.0,1.0,1,18.0,1,0,0,,472900.0
Uptown,3332.0,4.0,3.0,0,27.0,3,1,0,2021.0,681500.0
Uptown,,1.0,1.0,1,7.0,1,1,1,,799400.0
Suburb,652.0,3.0,1.0,2,13.0,1,0,0,2016.0,141700.0
Uptown,3464.0,6.0,3.0,2,23.0,3,0,0,,784800.0
Rural,,5.0,5.0,0,47.0,2,1,1,2014.0,382700.0
Downtown,3300.0,3.0,3.0,2,43.0,3,1,0,2012.0,709300.0
Uptown,2252.0,1.0,1.0,1,36.0,3,1,0,2017.0,373600.0
Downtown,3110.0,2.0,2.0,0,25.0,2,1,0,2010.0,567900.0
Suburb,4375.0,6.0,2.0,3,30.0,3,0,1,,631000.0
Downtown,1604.0,5.0,5.0,0,50.0,3,1,0,,503300.0
Suburb,3036.0,3.0,3.0,1,31.0,3,1,0,2017.0,454400.0
Rural,4699.0,6.0,2.0,0,49.0,1,0,0,,427300.0
Suburb,4354.0,4.0,4.0,0,40.0,1,1,0,,527500.0
Suburb,3994.0,2.0,1.0,1,1.0,1,1,0,,487200.0
Midtown,2414.0,3.0,3.0,0,,3,0,0,,363400.0
Uptown,3572.0,4.0,1.0,0,43.0,2,0,0,2003.0,525000.0
Uptown,1506.0,1.0,1.0,1,1.0,1,0,1,2008.0,310300.0
Rural,906.0,4.0,4.0,2,41.0,2,0,0,2014.0,166800.0
Rural,666.0,3.0,1.0,1,0.0,3,1,0,,155400.0
Uptown,1008.0,3.0,2.0,0,35.0,1,1,0,2016.0,275700.0
Midtown,2161.0,1.0,1.0,3,11.0,3,1,0,2019.0,400000.0
Uptown,4164.0,4.0,1.0,3,,2,0,0,2017.0,735000.0
Midtown,3989.0,4.0,2.0,1,35.0,1,1,0,2021.0,626700.0
Rural,1180.0,1.0,1.0,3,40.0,1,1,0,2003.0,121300.0
Downtown,3024.0,4.0,3.0,0,27.0,1,1,0,,634600.0
Rural,2620.0,6.0,4.0,0,37.0,1,0,1,,343800.0
Rural,4857.0,,1.0,1,32.0,2,0,0,,425000.0
Suburb,1863.0,2.0,2.0,0,41.0,1,0,0,2000.0,216400.0
Suburb,1831.0,3.0,3.0,2,45.0,3,1,0,2010.0,288400.0
Suburb,2792.0,2.0,2.0,0,21.0,1,1,0,2000.0,386300.0
Suburb,,6.0,5.0,1,24.0,2,1,0,2011.0,388400.0
Midtown,3908.0,6.0,4.0,2,17.0,1,1,1,2008.0,749900.0
Uptown,1060.0,5.0,3.0,2,5.0,2,0,0,2004.0,377200.0
Downtown,1599.0,5.0,1.0,3,17.0,2,1,0,2014.0,500000.0
Rural,2403.0,5.0,2.0,0,15.0,3,1,0,,327600.0
Midtown,674.0,1.0,1.0,1,14.0,1,0,0,,121600.0
Downtown,2656.0,4.0,3.0,3,47.0,1,0,0,,506200.0
Midtown,2730.0,6.0,3.0,3,7.0,1,1,0,,565300.0
Midtown,4787.0,2.0,1.0,0,12.0,3,0,0,2023.0,704200.0
Rural,,2.0,1.0,0,42.0,3,0,0,,367400.0
Uptown,4420.0,2.0,1.0,1,6.0,2,1,0,2009.0,761300.0
Suburb,1997.0,2.0,1.0,3,16.0,2,1,0,,330300.0
Uptown,4354.0,5.0,2.0,1,49.0,2,0,0,,748700.0
Rural,3671.0,2.0,1.0,3,31.0,3,1,0,2006.0,350300.0
Rural,2067.0,4.0,4.0,3,21.0,3,1,0,2021.0,305600.0
Rural,1651.0,5.0,3.0,3,,3,1,0,,237600.0
Downtown,868.0,2.0,1.0,0,12.0,2,0,1,2019.0,266400.0
Uptown,542.0,1.0,1.0,3,46.0,3,1,0,,146000.0
Uptown,2407.0,3.0,2.0,3,22.0,2,1,0,2019.0,437400.0
Midtown,3990.0,3.0,3.0,3,28.0,2,1,0,2009.0,697200.0
Midtown,3035.0,3.0,1.0,2,21.0,1,0,0,,444700.0
Midtown,4673.0,5.0,3.0,0,0.0,1,0,0,2020.0,841300.0
Rural,3373.0,2.0,1.0,2,28.0,1,1,0,2023.0,291500.0
Uptown,2324.0,6.0,4.0,0,47.0,2,0,1,2012.0,589100.0
Rural,1793.0,6.0,1.0,1,4.0,1,1,1,2014.0,263700.0
Downtown,3886.0,6.0,1.0,2,34.0,1,0,1,,849200.0
Midtown,3472.0,5.0,3.0,1,9.0,1,0,0,2019.0,589000.0
Rural,4422.0,4.0,2.0,3,,3,1,1,2011.0,551500.0
Rural,1492.0,1.0,1.0,1,36.0,2,0,0,2018.0,129600.0
Downtown,2886.0,1.0,1.0,1,6.0,1,1,0,,547800.0
Suburb,2740.0,3.0,3.0,1,45.0,3,0,0,2005.0,404600.0
Uptown,1976.0,3.0,3.0,1,34.0,3,1,0,2000.0,432700.0
Suburb,3907.0,6.0,3.0,0,44.0,3,1,0,2001.0,569900.0
Midtown,889.0,6.0,2.0,2,12.0,1,0,0,,289400.0
Rural,1499.0,3.0,2.0,0,9.0,3,1,0,,199400.0
Downtown,,2.0,2.0,0,1.0,2,0,1,,595000.0
Downtown,1158.0,4.0,4.0,0,5.0,3,1,0,,477400.0
Uptown,3263.0,4.0,1.0,1,7.0,3,1,0,2014.0,574000.0
Suburb,4163.0,4.0,4.0,0,35.0,3,0,0,2010.0,569700.0
Uptown,1981.0,4.0,2.0,2,24.0,3,1,1,2009.0,501300.0
Rural,4231.0,3.0,1.0,0,43.0,2,1,0,2016.0,437400.0
Uptown,951.0,1.0,1.0,3,46.0,1,1,0,,185900.0
Downtown,-1.0,3.0,1.0,1,39.0,2,0,1,,625300.0
Downtown,3722.0,4.0,2.0,3,6.0,2,1,0,2023.0,710600.0
Midtown,,,2.0,2,45.0,1,0,0,2009.0,328000.0
Midtown,3593.0,4.0,4.0,2,22.0,3,1,0,2019.0,629300.0
Rural,1382.0,5.0,5.0,2,18.0,1,0,0,,254500.0
Suburb,4908.0,6.0,2.0,2,45.0,1,1,1,2018.0,659700.0
Uptown,4568.0,1.0,1.0,0,21.0,2,0,0,,684900.0
Rural,3066.0,5.0,2.0,1,12.0,1,1,1,2002.0,370100.0
Midtown,3777.0,2.0,2.0,2,20.0,3,1,1,2007.0,645000.0
Uptown,874.0,3.0,2.0,3,0.0,2,1,0,2004.0,288700.0
Midtown,4197.0,2.0,1.0,2,18.0,3,1,0,,593500.0
Uptown,3562.0,3.0,1.0,1,32.0,2,1,1,2013.0,653800.0
Suburb,3750.0,6.0,6.0,3,3.0,3,1,0,,743300.0
Rural,612.0,5.0,1.0,3,41.0,1,1,0,,122800.0
Uptown,3697.0,6.0,3.0,3,2.0,1,1,0,2007.0,864300.0
Downtown,2878.0,4.0,2.0,0,26.0,1,1,0,,677100.0
Downtown,2424.0,6.0,5.0,2,40.0,3,1,1,2007.0,761400.0
Uptown,639.0,6.0,6.0,0,34.0,2,0,0,,307900.0
Uptown,1924.0,4.0,2.0,3,27.0,2,1,0,2014.0,434500.0
Uptown,3449.0,3.0,1.0,0,5.0,2,0,1,2018.0,620300.0
Downtown,3668.0,4.0,1.0,0,5.0,1,1,1,,876100.0
Downtown,1016.0,5.0,5.0,0,43.0,3,1,0,2013.0,372200.0
Uptown,3116.0,6.0,2.0,2,22.0,2,1,1,2006.0,834500.0
Midtown,1387.0,4.0,2.0,3,32.0,3,0,0,2007.0,278000.0
Midtown,3604.0,6.0,4.0,3,15.0,2,0,0,2006.0,753500.0
Suburb,549.0,5.0,2.0,2,23.0,1,1,1,2017.0,234600.0
Rural,4451.0,2.0,2.0,0,4.0,3,0,0,,461600.0
Midtown,4060.0,5.0,5.0,0,40.0,2,1,0,,804200.0
Downtown,518.0,1.0,1.0,1,41.0,2,1,0,,122200.0
Midtown,1973.0,1.0,1.0,1,12.0,2,1,0,2003.0,340900.0
Suburb,4561.0,1.0,1.0,1,46.0,2,0,1,2022.0,532600.0
Suburb,3106.0,6.0,6.0,2,11.0,1,1,0,2002.0,581700.0
Rural,951.0,3.0,3.0,3,4.0,2,0,0,2016.0,153800.0
Midtown,4265.0,3.0,3.0,1,36.0,2,1,0,2021.0,671600.0
Downtown,2938.0,3.0,1.0,3,30.0,1,0,1,,668100.0
Downtown,4810.0,6.0,5.0,3,27.0,2,1,0,,1080800.0
Uptown,2049.0,5.0,3.0,3,27.0,3,0,0,2005.0,570300.0
Downtown,3974.0,3.0,,2,29.0,3,1,0,,861900.0
Rural,627.0,2.0,1.0,2,17.0,2,0,0,2018.0,98900.0
Rural,3261.0,1.0,1.0,2,43.0,1,1,0,,324800.0
Downtown,4956.0,5.0,5.0,2,26.0,1,1,0,,1105700.0
Downtown,1915.0,1.0,1.0,1,34.0,1,0,1,2019.0,427200.0
Uptown,701.0,3.0,,0,25.0,2,1,0,,257200.0
Downtown,2869.0,5.0,3.0,0,38.0,2,1,0,2009.0,684800.0
Uptown,1017.0,4.0,1.0,0,48.0,3,0,0,,185800.0
Uptown,1841.0,2.0,2.0,1,50.0,1,0,0,2017.0,318300.0
Downtown,2488.0,3.0,2.0,0,17.0,2,1,0,2013.0,536900.0
Suburb,4045.0,3.0,3.0,1,32.0,2,0,0,2003.0,505700.0
Suburb,4302.0,2.0,2.0,1,24.0,2,0,0,2011.0,572800.0
Uptown,3775.0,2.0,2.0,1,30.0,1,0,0,,601800.0
Downtown,4154.0,4.0,2.0,0,36.0,1,1,0,,833800.0
Suburb,2934.0,3.0,2.0,3,1.0,3,1,0,,461100.0
Downtown,707.0,6.0,3.0,0,32.0,1,0,0,2007.0,275200.0
Downtown,3133.0,3.0,2.0,0,38.0,2,1,0,2006.0,621000.0
Downtown,4617.0,1.0,1.0,2,42.0,3,1,0,,766600.0
Midtown,653.0,5.0,,1,42.0,1,0,1,2023.0,193300.0
Downtown,3866.0,5.0,3.0,3,31.0,1,0,0,,862600.0
Midtown,4814.0,1.0,1.0,2,17.0,1,1,0,,669300.0
Uptown,2018.0,,1.0,3,16.0,1,1,1,2002.0,497000.0
Suburb,3100.0,2.0,1.0,3,33.0,2,0,0,,402200.0
Suburb,2695.0,5.0,5.0,1,38.0,1,1,1,,462000.0
Suburb,4998.0,5.0,3.0,0,6.0,2,1,0,2013.0,698800.0
Suburb,4054.0,1.0,1.0,1,41.0,2,0,0,2006.0,408200.0
Suburb,2914.0,4.0,2.0,1,34.0,2,1,0,,404400.0
Suburb,3349.0,5.0,5.0,2,29.0,3,1,1,2017.0,539300.0
Suburb,2242.0,6.0,4.0,1,11.0,2,1,0,2010.0,407300.0
Uptown,1806.0,5.0,2.0,0,34.0,1,1,0,,370500.0
Downtown,4349.0,4.0,2.0,3,10.0,3,0,0,2019.0,989100.0
Rural,,1.0,1.0,1,43.0,1,1,0,,358800.0
Midtown,4695.0,4.0,3.0,3,3.0,2,1,0,,840200.0
Rural,3055.0,1.0,1.0,1,24.0,1,1,0,,280900.0
Rural,2805.0,2.0,2.0,3,47.0,3,0,0,2012.0,303600.0
Downtown,,1.0,1.0,1,31.0,3,0,0,,322800.0
Downtown,3142.0,2.0,1.0,2,19.0,1,0,0,,535400.0
Downtown,1677.0,2.0,1.0,3,49.0,1,0,0,,283100.0
Suburb,,1.0,1.0,1,30.0,1,0,0,,384100.0
Uptown,1059.0,6.0,1.0,1,3.0,3,1,0,2017.0,352900.0
Suburb,3464.0,3.0,3.0,2,37.0,2,0,1,,522500.0
Uptown,1771.0,,1.0,2,46.0,1,1,0,2011.0,290800.0
Uptown,2313.0,5.0,2.0,2,0.0,2,0,0,2017.0,527400.0
Rural,3415.0,6.0,2.0,3,2.0,3,0,0,2006.0,446000.0
Rural,1109.0,6.0,5.0,3,36.0,1,0,0,,192200.0
Uptown,2961.0,5.0,,2,21.0,1,0,0,,617600.0
Uptown,,3.0,1.0,0,16.0,3,1,0,,829100.0
Suburb,783.0,6.0,6.0,0,13.0,1,0,0,2003.0,262000.0
Suburb,3428.0,2.0,1.0,1,40.0,2,1,1,,334400.0
Rural,4896.0,3.0,2.0,0,34.0,3,1,1,2014.0,515200.0
Downtown,1591.0,5.0,1.0,1,12.0,3,1,0,,481900.0
Uptown,1316.0,3.0,1.0,3,34.0,1,1,0,,265300.0
Suburb,582.0,1.0,1.0,3,42.0,3,0,1,,100900.0
Rural,2420.0,3.0,2.0,0,1.0,1,1,0,,270700.0
Suburb,3991.0,2.0,2.0,3,46.0,1,1,0,2014.0,477100.0
Uptown,3644.0,1.0,1.0,2,12.0,3,0,0,,619800.0
Uptown,2593.0,4.0,4.0,2,50.0,1,0,0,2007.0,423600.0
Midtown,675.0,5.0,5.0,0,15.0,2,0,0,2007.0,283400.0
Downtown,3204.0,5.0,1.0,0,17.0,2,1,1,2021.0,816700.0
Midtown,869.0,3.0,1.0,1,6.0,1,1,1,,288100.0
Rural,2318.0,6.0,1.0,3,44.0,2,0,0,2012.0,281400.0
Suburb,2601.0,1.0,1.0,1,35.0,1,1,1,,306900.0
Rural,3990.0,4.0,1.0,1,40.0,2,1,0,2023.0,413400.0
Uptown,2279.0,1.0,1.0,2,29.0,3,1,0,,388600.0
Midtown,1864.0,5.0,3.0,2,41.0,1,0,0,,377900.0
Midtown,4962.0,1.0,1.0,2,40.0,1,1,0,2010.0,643300.0
Midtown,3842.0,4.0,4.0,2,6.0,1,1,0,2003.0,727300.0
Rural,4176.0,6.0,5.0,1,14.0,1,1,0,,560500.0
Uptown,,3.0,2.0,2,39.0,1,1,1,,629500.0
Suburb,572.0,2.0,1.0,3,18.0,1,1,1,2012.0,158900.0
Suburb,3462.0,1.0,,2,42.0,3,0,1,,387300.0
Rural,1359.0,2.0,1.0,2,36.0,3,1,0,,171100.0
Midtown,4356.0,5.0,1.0,2,1.0,2,1,0,2015.0,823600.0
Downtown,4638.0,3.0,3.0,0,41.0,1,1,0,2005.0,919700.0
Rural,2924.0,3.0,3.0,3,47.0,2,0,1,2013.0,315100.0
Rural,1564.0,1.0,,3,12.0,2,0,0,2018.0,174700.0
Uptown,2717.0,6.0,5.0,1,39.0,3,1,0,,673200.0
Suburb,4517.0,3.0,1.0,1,40.0,2,0,0,2003.0,513800.0
Rural,2759.0,1.0,1.0,2,42.0,3,0,1,,252300.0
Rural,4251.0,1.0,1.0,0,42.0,2,0,0,,381400.0
Midtown,2586.0,2.0,2.0,1,30.0,1,1,0,2023.0,478700.0
Midtown,868.0,3.0,3.0,1,15.0,2,0,0,,263100.0
Downtown,,1.0,1.0,2,41.0,3,1,1,2021.0,556400.0
Uptown,650.0,2.0,2.0,2,43.0,3,1,0,,211000.0
Downtown,1634.0,4.0,4.0,1,5.0,3,0,1,,595500.0
Midtown,3284.0,2.0,1.0,1,27.0,2,1,1,2018.0,517500.0
Suburb,4664.0,2.0,1.0,3,31.0,2,1,0,,479600.0
Midtown,2846.0,1.0,1.0,0,43.0,3,1,0,,400100.0
Uptown,2750.0,5.0,2.0,3,9.0,1,1,0,,631000.0
Midtown,560.0,5.0,2.0,1,49.0,1,1,0,,152100.0
Uptown,3510.0,6.0,1.0,3,17.0,2,1,0,,789200.0
Uptown,4401.0,5.0,1.0,3,3.0,2,0,0,2018.0,908300.0
Uptown,1837.0,2.0,1.0,1,8.0,3,1,0,,416800.0
Uptown,1684.0,6.0,3.0,2,6.0,2,1,0,2006.0,449600.0
Uptown,4926.0,1.0,1.0,1,49.0,2,1,0,,741200.0
Suburb,2051.0,3.0,1.0,2,7.0,3,1,0,,353800.0
Downtown,4933.0,2.0,1.0,1,42.0,3,0,1,,968100.0
Rural,2129.0,2.0,2.0,1,6.0,2,1,0,,244200.0
Downtown,1827.0,6.0,2.0,1,40.0,1,0,0,,411100.0
Uptown,2026.0,1.0,,0,39.0,2,1,1,,358700.0
Suburb,2173.0,4.0,4.0,2,2.0,1,0,0,,372800.0
Midtown,1861.0,2.0,1.0,0,16.0,1,1,0,,300600.0
Suburb,2073.0,4.0,2.0,1,1.0,1,1,0,2022.0,332400.0
Uptown,3186.0,4.0,1.0,3,,3,1,1,2004.0,692700.0
Suburb,4870.0,5.0,3.0,0,45.0,3,1,0,,638200.0
Suburb,2866.0,1.0,1.0,2,-5.0,3,1,1,2008.0,438200.0
Uptown,4257.0,4.0,2.0,1,49.0,2,1,1,2015.0,675600.0
Suburb,2934.0,1.0,1.0,0,47.0,3,1,0,,367000.0
Rural,2493.0,5.0,5.0,3,21.0,3,1,0,2009.0,343300.0
Rural,1369.0,1.0,1.0,0,3.0,2,1,0,2004.0,192800.0
Suburb,1514.0,2.0,2.0,2,5.0,2,1,0,,289500.0
Midtown,2411.0,4.0,2.0,0,37.0,1,0,0,2004.0,394800.0
Uptown,1102.0,1.0,1.0,3,25.0,2,1,0,2014.0,246400.0
Rural,4321.0,3.0,1.0,3,10.0,2,0,0,,499500.0
Midtown,1190.0,1.0,1.0,2,25.0,3,1,1,,275800.0
Suburb,-1.0,4.0,,3,16.0,1,0,0,2007.0,231200.0
Midtown,989.0,5.0,2.0,1,23.0,1,1,0,2023.0,254200.0
Downtown,3056.0,5.0,2.0,3,27.0,2,0,0,,718300.0
Rural,4985.0,4.0,2.0,1,34.0,3,0,0,,552500.0
Suburb,794.0,2.0,1.0,0,30.0,3,0,1,2021.0,142900.0
Uptown,4527.0,2.0,2.0,1,12.0,3,0,0,,822700.0
Suburb,3343.0,5.0,4.0,1,34.0,3,1,0,2002.0,482400.0
Uptown,3412.0,5.0,5.0,0,15.0,2,0,0,,752400.0
Suburb,2217.0,4.0,4.0,3,14.0,3,0,0,,455000.0
Midtown,3096.0,2.0,1.0,1,42.0,1,0,0,,383200.0
Midtown,2373.0,5.0,4.0,3,17.0,1,1,0,,527100.0
Midtown,3758.0,2.0,1.0,0,46.0,2,1,1,,530700.0
Downtown,3317.0,5.0,1.0,2,36.0,3,0,1,2000.0,727500.0
Uptown,,1.0,1.0,3,47.0,3,1,0,2013.0,205700.0
Midtown,,3.0,1.0,3,47.0,3,1,0,,612500.0
Downtown,4958.0,6.0,3.0,2,48.0,3,0,0,2023.0,1133300.0
Uptown,1241.0,1.0,1.0,2,40.0,2,1,0,,240100.0
Suburb,2541.0,6.0,1.0,0,26.0,3,0,0,,326600.0
Downtown,1179.0,5.0,5.0,3,,2,1,0,,480300.0
Rural,2967.0,3.0,1.0,3,44.0,3,0,0,,319800.0
Downtown,4197.0,3.0,2.0,0,34.0,3,1,0,2013.0,865700.0
Downtown,1858.0,5.0,1.0,3,27.0,1,0,0,2001.0,445100.0
Uptown,562.0,5.0,3.0,1,38.0,2,1,0,,242100.0
Suburb,3059.0,2.0,2.0,1,37.0,1,1,0,2005.0,379200.0
Rural,4269.0,5.0,3.0,1,8.0,2,0,0,,464700.0
Midtown,4851.0,4.0,4.0,3,11.0,3,1,0,,694200.0
Midtown,634.0,5.0,4.0,1,14.0,3,0,1,,328600.0
Downtown,4144.0,4.0,1.0,1,20.0,2,1,0,2005.0,907400.0
Uptown,2635.0,5.0,2.0,0,34.0,1,0,1,,505600.0
Uptown,3778.0,2.0,1.0,0,41.0,2,0,0,2006.0,588100.0
Midtown,1322.0,4.0,1.0,2,32.0,2,1,0,,284600.0
Rural,3574.0,1.0,1.0,2,50.0,3,1,0,,342800.0
Suburb,3481.0,4.0,4.0,2,18.0,1,1,0,2013.0,524100.0
Rural,620.0,2.0,1.0,2,22.0,2,0,1,,122200.0
Suburb,2137.0,6.0,2.0,0,12.0,1,0,0,2008.0,308900.0
Midtown,1424.0,4.0,3.0,0,43.0,1,1,0,2006.0,264200.0
Suburb,1144.0,5.0,4.0,0,0.0,2,1,0,2013.0,314000.0
Uptown,2532.0,5.0,4.0,1,50.0,1,0,0,,493100.0
Downtown,3261.0,6.0,3.0,1,28.0,3,0,0,,657100.0
Downtown,2568.0,2.0,1.0,2,23.0,3,0,0,2015.0,531900.0
Midtown,741.0,3.0,3.0,1,15.0,3,0,1,2006.0,246400.0
Uptown,3168.0,5.0,1.0,3,24.0,3,0,0,2009.0,749700.0
Rural,1302.0,1.0,1.0,0,22.0,1,0,0,,97300.0
Uptown,4664.0,2.0,2.0,2,27.0,3,1,0,,828700.0
Downtown,695.0,4.0,3.0,2,46.0,2,1,1,2016.0,300100.0
Downtown,2687.0,4.0,1.0,3,15.0,3,0,1,,712100.0
Uptown,4015.0,1.0,1.0,1,42.0,2,0,0,,582800.0
Uptown,2830.0,5.0,2.0,2,37.0,2,0,0,,587900.0
Downtown,2859.0,,1.0,1,10.0,3,1,0,,655400.0
Rural,4106.0,1.0,1.0,1,2.0,3,1,0,2008.0,376300.0
Midtown,776.0,5.0,4.0,3,14.0,1,1,1,2022.0,337900.0
Midtown,560.0,2.0,1.0,2,0.0,2,1,0,,190600.0
Uptown,3890.0,4.0,1.0,1,6.0,3,1,0,,746900.0
Midtown,2413.0,2.0,1.0,1,0.0,1,0,0,2020.0,387100.0
Downtown,4427.0,6.0,5.0,3,48.0,3,0,0,,1041900.0
Downtown,3091.0,3.0,,3,31.0,3,1,1,2003.0,753600.0
Uptown,1066.0,2.0,,1,8.0,3,0,0,2020.0,242400.0
Uptown,4435.0,3.0,2.0,3,28.0,2,1,0,2008.0,746500.0
Uptown,2071.0,2.0,2.0,1,25.0,3,1,1,2015.0,448700.0
Rural,1700.0,3.0,3.0,2,22.0,1,1,0,,234900.0
Midtown,4909.0,6.0,1.0,0,44.0,3,0,0,2003.0,718100.0
Uptown,3354.0,4.0,2.0,3,42.0,3,1,0,,756000.0
Suburb,3395.0,5.0,2.0,0,28.0,1,1,0,,463900.0
Suburb,1736.0,3.0,3.0,1,37.0,1,1,0,,274800.0
Downtown,636.0,6.0,3.0,1,32.0,2,1,0,,277200.0
Midtown,1529.0,3.0,3.0,1,6.0,2,1,0,,326600.0
Uptown,2656.0,4.0,3.0,0,11.0,2,0,0,,503200.0
Suburb,3094.0,3.0,3.0,1,30.0,2,1,0,2022.0,417300.0
Midtown,1161.0,6.0,1.0,3,31.0,1,0,0,2022.0,229600.0
Downtown,2972.0,6.0,2.0,2,19.0,3,0,0,,640600.0
Rural,3177.0,,1.0,2,50.0,3,1,1,2021.0,333400.0
Midtown,,4.0,1.0,3,16.0,3,1,0,,483400.0
Midtown,586.0,1.0,1.0,2,35.0,2,0,0,2002.0,97400.0
Rural,3012.0,4.0,1.0,0,2.0,1,0,1,,358100.0
Midtown,3442.0,3.0,3.0,1,0.0,1,0,0,2009.0,634300.0
Downtown,3273.0,6.0,2.0,1,49.0,1,1,0,,705300.0
Downtown,3004.0,1.0,1.0,1,26.0,3,0,0,2006.0,567900.0
Rural,3810.0,3.0,1.0,0,46.0,2,0,0,,357100.0
Uptown,,6.0,4.0,0,39.0,1,0,0,,497800.0
Suburb,4170.0,4.0,,0,32.0,2,1,1,,660200.0
Uptown,3200.0,6.0,2.0,3,19.0,1,1,0,,563900.0
Midtown,4129.0,3.0,1.0,0,13.0,2,0,0,2023.0,612900.0
Suburb,2147.0,1.0,1.0,2,35.0,1,1,0,2005.0,263200.0
Rural,3818.0,1.0,1.0,3,4.0,2,0,0,,368300.0
Rural,4187.0,6.0,4.0,3,22.0,1,1,1,2000.0,522000.0
Suburb,1096.0,3.0,1.0,3,44.0,1,1,0,,165000.0
Downtown,984.0,2.0,1.0,0,14.0,2,0,0,2011.0,248700.0
Suburb,1145.0,4.0,4.0,3,5.0,2,0,0,,270400.0
Midtown,3589.0,4.0,4.0,0,32.0,3,1,0,2002.0,624400.0
Downtown,4884.0,3.0,3.0,0,18.0,2,0,0,,1068300.0
Rural,1220.0,2.0,2.0,3,12.0,1,1,0,2015.0,199000.0
Suburb,998.0,1.0,1.0,1,28.0,1,0,1,,155600.0
Uptown,2173.0,5.0,4.0,1,5.0,2,0,0,2008.0,517500.0
Uptown,,,1.0,3,14.0,3,1,0,2010.0,631300.0
Midtown,614.0,3.0,3.0,1,15.0,2,1,0,,227700.0
Uptown,3479.0,2.0,1.0,2,23.0,1,1,0,2020.0,629600.0
Suburb,2236.0,2.0,2.0,2,22.0,1,0,0,2012.0,281000.0
Suburb,4111.0,4.0,2.0,0,47.0,3,1,0,2022.0,520300.0
Uptown,2753.0,,1.0,1,9.0,2,1,0,2018.0,492000.0
Suburb,2794.0,6.0,3.0,2,40.0,1,1,0,2002.0,369600.0
Midtown,,2.0,1.0,3,,1,1,0,2011.0,604700.0
Downtown,646.0,6.0,5.0,1,48.0,1,0,1,2018.0,367300.0
Midtown,4482.0,5.0,3.0,2,16.0,2,1,0,,790800.0
Midtown,3953.0,6.0,,2,48.0,2,1,0,2013.0,836200.0
Suburb,2910.0,1.0,1.0,3,43.0,3,0,0,2021.0,327700.0
Downtown,636.0,1.0,1.0,0,44.0,1,1,0,2008.0,108800.0
Suburb,3860.0,6.0,3.0,3,29.0,1,0,0,,637500.0
Rural,3505.0,3.0,,0,43.0,3,0,0,,284200.0
Suburb,4052.0,,2.0,2,,1,1,0,2005.0,461700.0
Suburb,518.0,3.0,1.0,0,9.0,3,0,0,2003.0,133000.0
Suburb,2742.0,6.0,5.0,2,,3,0,0,,527800.0
Downtown,948.0,2.0,2.0,2,28.0,1,1,0,,290000.0
Suburb,2448.0,4.0,4.0,1,1.0,2,1,0,,400400.0
Downtown,1445.0,3.0,1.0,0,35.0,2,1,1,2001.0,428600.0
Uptown,4736.0,3.0,,0,18.0,2,1,0,,870300.0
Rural,2420.0,6.0,2.0,0,6.0,2,0,1,2014.0,308300.0
Downtown,,5.0,1.0,3,25.0,1,1,1,2009.0,756000.0
Uptown,4688.0,6.0,2.0,1,14.0,3,1,1,2002.0,973700.0
Downtown,4515.0,,2.0,1,46.0,3,0,0,,977700.0
Downtown,738.0,2.0,2.0,1,37.0,1,1,1,2003.0,264900.0
Rural,704.0,5.0,5.0,3,2.0,2,0,0,2021.0,246400.0
Midtown,3107.0,6.0,4.0,0,37.0,3,0,0,,609000.0
Midtown,4840.0,6.0,4.0,0,15.0,1,1,0,,754800.0
Downtown,3888.0,3.0,3.0,0,1.0,1,1,0,2017.0,942500.0
Suburb,3472.0,3.0,3.0,1,30.0,2,0,0,2003.0,419900.0
Uptown,4890.0,4.0,3.0,1,27.0,1,0,0,2022.0,813300.0
Suburb,3187.0,6.0,5.0,2,6.0,3,1,0,,583600.0
Suburb,4666.0,3.0,2.0,3,29.0,3,0,0,,588500.0
Downtown,1848.0,1.0,1.0,3,42.0,1,0,0,,341700.0
Downtown,4900.0,5.0,,1,6.0,3,1,0,2020.0,1102300.0
Downtown,1316.0,1.0,1.0,2,35.0,1,1,1,2021.0,320900.0
Downtown,1320.0,5.0,5.0,0,-5.0,3,1,0,,550900.0
Midtown,692.0,6.0,1.0,1,23.0,2,1,0,,223900.0
Downtown,2276.0,4.0,4.0,3,38.0,3,1,1,2021.0,612000.0
Midtown,4145.0,3.0,3.0,3,3.0,2,1,0,2011.0,760800.0
Midtown,750.0,3.0,3.0,3,28.0,2,0,0,,216400.0
Downtown,2288.0,3.0,1.0,0,43.0,1,1,1,2011.0,499700.0
Rural,4200.0,,6.0,3,4.0,2,1,1,2015.0,605700.0
Uptown,2963.0,5.0,1.0,0,28.0,3,0,0,,540100.0
Suburb,1667.0,3.0,1.0,0,29.0,3,0,0,,260000.0
Midtown,4393.0,1.0,1.0,0,28.0,2,1,1,,679800.0
Uptown,1596.0,3.0,2.0,1,,1,0,0,,309700.0
Rural,,6.0,4.0,0,18.0,2,0,0,2014.0,399100.0
Suburb,2347.0,4.0,4.0,2,25.0,3,1,0,,406800.0
Suburb,4404.0,1.0,1.0,3,36.0,3,1,0,,534400.0
Midtown,1004.0,3.0,2.0,1,26.0,2,1,0,2020.0,220100.0
Downtown,2121.0,3.0,2.0,3,29.0,2,0,1,,489800.0
Rural,2972.0,2.0,1.0,0,50.0,2,0,0,2007.0,267100.0
Midtown,3046.0,5.0,1.0,1,29.0,3,1,0,,475900.0
Rural,1887.0,1.0,1.0,2,2.0,3,0,0,,211000.0
Downtown,3494.0,2.0,1.0,0,42.0,3,1,0,2009.0,662600.0
Downtown,4316.0,4.0,2.0,3,6.0,1,0,0,,1001800.0
Midtown,1217.0,,2.0,2,48.0,3,1,1,2010.0,317300.0
Downtown,3984.0,1.0,1.0,0,8.0,3,1,1,,885200.0
Uptown,4934.0,3.0,3.0,2,-5.0,1,0,0,2003.0,820900.0
Suburb,1158.0,1.0,1.0,0,41.0,1,1,0,2002.0,109600.0
Midtown,4508.0,3.0,3.0,1,12.0,1,0,0,,713200.0
Rural,4734.0,5.0,4.0,0,14.0,1,0,1,2002.0,523600.0
Uptown,4264.0,3.0,2.0,1,4.0,1,1,0,,819000.0
Midtown,3489.0,4.0,3.0,0,28.0,1,0,1,2018.0,570400.0
Downtown,2604.0,6.0,1.0,0,34.0,2,1,0,,558100.0
Downtown,1755.0,3.0,3.0,3,26.0,2,0,0,2023.0,492000.0
Downtown,2982.0,4.0,3.0,2,26.0,2,0,0,,646900.0
Downtown,883.0,6.0,5.0,2,7.0,2,0,0,2023.0,381200.0
Rural,3107.0,5.0,2.0,2,31.0,3,1,1,2001.0,401800.0
Uptown,693.0,5.0,4.0,0,19.0,1,1,0,2001.0,326900.0
Suburb,4307.0,1.0,1.0,0,9.0,3,0,0,,546400.0
Rural,4219.0,4.0,4.0,0,12.0,1,0,0,2009.0,424800.0
Rural,3081.0,4.0,1.0,1,28.0,1,1,0,,315500.0
Suburb,3065.0,2.0,1.0,1,34.0,3,1,0,,403300.0
Suburb,3263.0,2.0,2.0,3,7.0,2,1,0,,504100.0
Downtown,3298.0,6.0,4.0,0,28.0,3,1,0,,842800.0
Rural,2839.0,6.0,3.0,2,30.0,3,1,0,2010.0,384100.0
Midtown,3906.0,2.0,1.0,2,40.0,1,0,0,,502000.0
Suburb,1231.0,6.0,1.0,3,29.0,1,0,0,2017.0,182500.0
Suburb,3372.0,3.0,2.0,2,21.0,1,0,0,,472500.0
Uptown,3620.0,2.0,2.0,3,20.0,2,1,0,,627800.0
Midtown,4677.0,4.0,,0,11.0,3,1,0,2014.0,802600.0
Midtown,3104.0,3.0,2.0,2,10.0,3,1,0,,601300.0
Suburb,2882.0,6.0,3.0,0,1.0,2,0,0,,463900.0
Downtown,1031.0,5.0,1.0,1,,3,1,0,,307900.0
Uptown,4816.0,1.0,1.0,2,40.0,3,1,0,,933100.0
Midtown,1134.0,2.0,,1,1.0,1,1,0,2001.0,261400.0
Suburb,2269.0,5.0,5.0,2,33.0,2,0,0,,367600.0
Midtown,4304.0,6.0,2.0,0,2.0,1,1,1,,698800.0
Uptown,2870.0,4.0,1.0,3,15.0,2,0,0,2001.0,587500.0
Uptown,,1.0,1.0,0,50.0,1,1,0,2007.0,69500.0
Rural,705.0,5.0,1.0,0,3.0,3,1,0,,143300.0
Suburb,4635.0,1.0,1.0,0,22.0,2,0,0,2000.0,569500.0
Uptown,3121.0,2.0,1.0,2,49.0,2,1,0,,544900.0
Rural,3390.0,6.0,4.0,3,19.0,1,0,1,,435200.0
Rural,3693.0,4.0,4.0,1,24.0,2,1,0,,493600.0
Midtown,3166.0,6.0,2.0,0,29.0,3,0,0,2006.0,590800.0
Midtown,3806.0,1.0,1.0,2,17.0,3,1,0,,544100.0
Rural,1397.0,5.0,1.0,1,41.0,3,1,0,2003.0,202200.0
Midtown,1585.0,2.0,2.0,0,10.0,1,0,0,,286400.0
Uptown,1779.0,2.0,1.0,1,28.0,2,1,1,,452600.0
Downtown,1170.0,6.0,5.0,0,16.0,1,1,1,2010.0,574200.0
Uptown,2005.0,5.0,5.0,1,25.0,3,0,0,,540300.0
Rural,4075.0,5.0,2.0,1,22.0,2,1,1,,480700.0
Rural,2455.0,1.0,1.0,3,47.0,3,1,0,,214200.0
Uptown,749.0,6.0,6.0,3,19.0,2,1,0,,408000.0
Midtown,2392.0,6.0,1.0,0,44.0,2,1,0,,420500.0
Midtown,3939.0,3.0,3.0,2,1.0,1,1,0,,614200.0
Rural,2353.0,6.0,6.0,3,23.0,2,1,1,,411600.0
Suburb,3354.0,2.0,2.0,1,30.0,3,1,1,,449000.0
Midtown,2003.0,1.0,1.0,3,26.0,2,1,1,2011.0,367900.0
Uptown,3885.0,5.0,2.0,3,1.0,3,0,0,,837200.0
Midtown,4071.0,6.0,5.0,0,13.0,1,1,0,,729500.0
Uptown,4292.0,1.0,1.0,3,,3,1,0,2002.0,810000.0
Rural,3926.0,6.0,5.0,3,48.0,2,1,0,2007.0,466000.0
Midtown,543.0,5.0,4.0,1,12.0,3,1,0,,267000.0
Uptown,4112.0,4.0,2.0,3,35.0,3,0,0,,796100.0
Rural,3118.0,5.0,2.0,1,34.0,2,1,1,2023.0,399600.0
Suburb,3663.0,5.0,1.0,3,43.0,3,1,1,,572000.0
Uptown,1788.0,5.0,1.0,3,7.0,2,1,0,2021.0,530300.0
Suburb,3442.0,6.0,4.0,2,1.0,1,0,0,2000.0,528800.0
Suburb,719.0,3.0,3.0,3,5.0,3,0,0,2013.0,180600.0
Downtown,2425.0,5.0,3.0,1,,1,1,0,,562400.0
Midtown,3472.0,2.0,2.0,1,9.0,3,1,0,2003.0,635000.0
Uptown,4013.0,2.0,1.0,0,43.0,3,0,0,2008.0,617300.0
Suburb,2948.0,1.0,1.0,0,20.0,1,0,0,2002.0,294600.0
Downtown,3971.0,3.0,3.0,2,41.0,3,0,0,,685700.0
Rural,3274.0,1.0,1.0,1,9.0,3,0,0,2000.0,352600.0
Uptown,1490.0,2.0,2.0,1,22.0,1,0,1,2021.0,358900.0
Suburb,3446.0,2.0,2.0,1,2.0,3,1,0,2018.0,469700.0
Midtown,2312.0,4.0,2.0,2,31.0,2,1,1,2000.0,546700.0
Downtown,1303.0,5.0,5.0,1,19.0,3,0,0,,578300.0
Suburb,989.0,2.0,2.0,0,9.0,3,1,0,2021.0,224300.0
Midtown,4056.0,6.0,2.0,2,28.0,3,0,0,,724100.0
Suburb,1993.0,6.0,2.0,0,40.0,1,0,0,2009.0,299400.0
Uptown,4145.0,1.0,1.0,0,50.0,2,0,0,,637600.0
Uptown,3391.0,1.0,1.0,2,45.0,2,1,0,,629500.0
Uptown,2205.0,5.0,,3,33.0,3,0,0,2007.0,488900.0
Downtown,4016.0,,2.0,3,36.0,1,1,0,,819800.0
Uptown,3840.0,4.0,4.0,0,19.0,1,0,1,2014.0,774900.0
Midtown,553.0,3.0,1.0,3,7.0,2,0,0,2015.0,189700.0
Suburb,3075.0,1.0,1.0,1,6.0,1,0,1,,458800.0
Rural,4091.0,5.0,1.0,2,5.0,3,1,0,,469600.0
Midtown,1115.0,1.0,1.0,0,10.0,3,1,1,2001.0,287400.0
Midtown,1454.0,5.0,5.0,1,43.0,1,1,1,,426700.0
Uptown,2933.0,,2.0,3,17.0,3,0,0,2002.0,564100.0
Downtown,2129.0,1.0,1.0,1,50.0,2,0,0,2008.0,329500.0
Suburb,3281.0,2.0,1.0,3,41.0,3,0,0,2017.0,394900.0
Downtown,1149.0,1.0,1.0,0,28.0,1,0,0,2018.0,186900.0
Suburb,2847.0,3.0,2.0,1,24.0,2,1,0,2006.0,378900.0
Suburb,4990.0,4.0,1.0,2,20.0,3,0,0,2003.0,643700.0
Downtown,3778.0,6.0,4.0,0,45.0,2,0,1,2005.0,829200.0
Midtown,3140.0,6.0,4.0,1,2.0,1,1,1,2018.0,791300.0
Suburb,4301.0,6.0,5.0,1,17.0,3,1,0,,677100.0
Downtown,3061.0,2.0,2.0,3,23.0,3,1,0,,747900.0
Suburb,3749.0,5.0,4.0,0,46.0,2,0,0,2010.0,450500.0
Rural,870.0,6.0,2.0,0,37.0,3,1,0,2021.0,147800.0
Midtown,,3.0,1.0,0,9.0,3,0,0,,266400.0
Uptown,883.0,6.0,6.0,0,26.0,3,1,0,,446000.0
Suburb,4377.0,1.0,1.0,3,11.0,3,1,1,2022.0,573100.0
Rural,3052.0,2.0,1.0,2,6.0,1,1,0,,318200.0
Uptown,4834.0,1.0,1.0,0,16.0,3,0,0,,838500.0
Uptown,4790.0,1.0,1.0,3,0.0,2,1,0,,822200.0
Suburb,3225.0,1.0,1.0,2,,1,0,0,2001.0,316600.0
Downtown,4534.0,4.0,3.0,2,25.0,2,1,0,,1017200.0
Suburb,3793.0,4.0,1.0,3,14.0,2,1,0,,470100.0
Rural,4751.0,5.0,1.0,0,50.0,2,1,0,,431300.0
Uptown,4488.0,2.0,2.0,2,32.0,1,1,0,,771400.0
Suburb,1422.0,3.0,1.0,0,36.0,1,1,0,2011.0,203200.0
Downtown,3415.0,3.0,2.0,0,46.0,1,0,0,2012.0,650300.0
Suburb,3450.0,3.0,3.0,1,30.0,3,1,0,,521100.0
Midtown,3546.0,1.0,1.0,0,34.0,2,1,0,,487900.0
Downtown,1474.0,4.0,2.0,1,0.0,1,1,0,2016.0,482100.0
Rural,1730.0,2.0,2.0,2,7.0,2,1,1,,268100.0
Uptown,2935.0,1.0,1.0,3,11.0,1,1,0,2019.0,568100.0
Suburb,2314.0,4.0,4.0,1,18.0,1,0,1,,383300.0
Downtown,3434.0,,1.0,3,24.0,1,1,0,,759500.0
Midtown,1863.0,6.0,3.0,2,31.0,2,0,0,,394500.0
Downtown,4440.0,6.0,2.0,0,11.0,3,1,0,2014.0,985600.0
Midtown,703.0,2.0,1.0,2,12.0,1,1,0,,186500.0
Rural,660.0,2.0,1.0,3,27.0,1,0,0,,100400.0
Downtown,2049.0,5.0,2.0,0,50.0,1,1,0,,448300.0
Rural,1409.0,2.0,1.0,2,8.0,2,1,0,2007.0,164900.0
Rural,4981.0,5.0,2.0,1,11.0,2,0,0,2015.0,464800.0
Midtown,3989.0,4.0,2.0,1,35.0,1,1,0,2021.0,626700.0
Suburb,,1.0,1.0,0,20.0,1,0,0,,145800.0
Rural,2187.0,1.0,1.0,1,27.0,3,1,0,2013.0,231700.0
Suburb,4870.0,5.0,3.0,0,45.0,3,1,0,,638200.0
Midtown,1633.0,4.0,2.0,2,7.0,3,1,0,,429800.0
Downtown,3143.0,2.0,2.0,2,5.0,2,1,0,,774200.0
Midtown,1045.0,4.0,3.0,1,43.0,1,1,0,2013.0,269400.0
Downtown,4755.0,,1.0,1,29.0,2,0,0,2020.0,857600.0
Midtown,4840.0,6.0,4.0,0,15.0,1,1,0,,754800.0
Suburb,4331.0,5.0,1.0,1,24.0,1,1,1,,714900.0
Downtown,4635.0,5.0,2.0,2,4.0,3,0,0,,937900.0
Downtown,3287.0,2.0,2.0,2,29.0,2,1,0,2018.0,679600.0
